Data,HurricaneName,Label,HurricaneID
"[[0.0, 123.6, 11.2], [6.0, 122.9, 12.1], [12.0, 122.5, 13.1], [18.0, 122.0, 14.2], [24.0, 121.4, 15.3], [30.0, 120.8, 16.4], [36.0, 120.2, 17.1], [42.0, 119.4, 17.8], [48.0, 118.4, 18.6], [54.0, 117.2, 19.3], [60.0, 115.9, 19.9], [66.0, 114.7, 20.4], [72.0, 113.8, 20.7], [78.0, 113.1, 20.9], [84.0, 112.4, 21.0], [90.0, 111.8, 21.2], [96.0, 111.2, 21.4], [102.0, 110.6, 21.5], [108.0, 109.9, 21.8], [114.0, 109.2, 22.2], [120.0, 108.5, 22.5], [126.0, 107.8, 23.0], [132.0, 106.6, 23.7], [138.0, 105.6, 24.5], [144.0, 105.2, 25.2], [150.0, 104.8, 25.9], [156.0, 104.4, 26.6], [162.0, 104.1, 27.3], [168.0, 103.9, 28.0], [174.0, 103.9, 28.7], [180.0, 103.9, 29.3], [186.0, 103.9, 29.8], [192.0, 103.9, 30.6], [198.0, 103.9, 31.7], [204.0, 104.2, 33.0], [210.0, 104.7, 34.5], [216.0, 105.6, 36.0], [222.0, 107.0, 38.0], [228.0, 109.2, 41.2], [234.0, 112.1, 44.9], [240.0, 116.2, 48.9], [246.0, 119.5, 52.4], [252.0, 120.9, 54.3], [258.0, 122.3, 55.5], [264.0, 123.9, 56.9], [270.0, 125.5, 58.0], [276.0, 127.6, 58.4], [282.0, 129.6, 58.2], [288.0, 131.1, 57.8], [294.0, 132.6, 57.4], [300.0, 134.1, 57.1], [306.0, 136.0, 56.7], [312.0, 137.9, 56.8]]",s195405,c3,0
"[[0.0, 115.8, 25.1], [6.0, 115.0, 25.8], [12.0, 114.5, 26.5], [18.0, 114.1, 27.2], [24.0, 113.7, 27.9], [30.0, 113.3, 28.6], [36.0, 113.0, 29.3], [42.0, 112.7, 30.1], [48.0, 112.5, 31.0], [54.0, 112.6, 31.9], [60.0, 112.9, 32.8], [66.0, 113.2, 33.8], [72.0, 113.7, 35.0], [78.0, 114.6, 35.9], [84.0, 115.7, 36.8], [90.0, 116.6, 37.7], [96.0, 117.6, 38.5], [102.0, 118.4, 39.2], [108.0, 119.3, 39.6], [114.0, 119.7, 40.4], [120.0, 120.8, 41.0], [126.0, 122.5, 41.8], [132.0, 125.4, 42.2], [138.0, 128.7, 42.4], [144.0, 132.5, 42.2], [150.0, 135.5, 41.5]]",s200108,c2,1
"[[0.0, 129.0, 15.2], [6.0, 129.0, 15.3], [12.0, 129.0, 15.5], [18.0, 129.0, 15.7], [24.0, 129.0, 16.0], [30.0, 129.0, 16.3], [36.0, 129.0, 16.7], [42.0, 129.0, 17.1], [48.0, 129.0, 17.5], [54.0, 129.1, 18.1], [60.0, 129.5, 18.7], [66.0, 129.8, 18.7], [72.0, 130.2, 18.7], [78.0, 130.8, 18.0], [84.0, 130.8, 17.2], [90.0, 130.6, 16.4], [96.0, 130.1, 15.6], [102.0, 129.7, 15.1], [108.0, 129.0, 14.7], [114.0, 128.1, 14.1], [120.0, 127.0, 14.0]]",s195206,c2,2
"[[0.0, 134.1, 12.6], [6.0, 133.1, 12.9], [12.0, 132.0, 13.2], [18.0, 131.0, 13.3], [24.0, 129.9, 13.5], [30.0, 128.8, 13.7], [36.0, 127.7, 13.8], [42.0, 126.7, 14.0], [48.0, 125.6, 14.2], [54.0, 124.5, 14.5], [60.0, 123.6, 15.0], [66.0, 123.0, 15.3], [72.0, 122.3, 15.9], [78.0, 122.0, 16.6], [84.0, 121.8, 17.3], [90.0, 121.8, 18.1], [96.0, 121.9, 19.0], [102.0, 122.0, 20.0], [108.0, 122.0, 21.1], [114.0, 122.2, 22.2], [120.0, 122.2, 22.9], [126.0, 122.2, 23.7], [132.0, 122.2, 24.4], [138.0, 122.2, 25.2], [144.0, 122.2, 26.0], [150.0, 122.2, 27.0], [156.0, 122.2, 27.8], [162.0, 122.3, 28.9], [168.0, 122.5, 30.3], [174.0, 122.8, 31.7], [180.0, 123.5, 33.0], [186.0, 124.4, 34.4], [192.0, 125.5, 35.6], [198.0, 126.8, 36.8], [204.0, 128.0, 38.0], [210.0, 129.1, 39.4], [216.0, 130.2, 40.7], [222.0, 131.4, 42.1], [228.0, 132.0, 43.8], [234.0, 133.5, 46.0], [240.0, 135.5, 48.5]]",s199007,c3,3
"[[0.0, 110.2, 22.4], [6.0, 108.9, 21.9], [12.0, 107.5, 21.6], [18.0, 106.2, 21.2], [24.0, 104.9, 20.9], [30.0, 103.6, 20.6], [36.0, 102.3, 20.4], [42.0, 101.0, 20.3], [48.0, 99.7, 20.2], [54.0, 98.4, 20.2], [60.0, 97.2, 20.4], [66.0, 96.0, 20.8], [72.0, 94.9, 21.1], [78.0, 93.7, 21.5], [84.0, 92.5, 22.0], [90.0, 91.2, 22.4], [96.0, 89.9, 22.8], [102.0, 89.0, 22.9], [108.0, 88.1, 23.0], [114.0, 87.4, 23.1], [120.0, 86.8, 23.2], [126.0, 86.4, 23.2], [132.0, 85.8, 23.3], [138.0, 85.1, 23.5], [144.0, 84.4, 23.7], [150.0, 83.7, 23.8], [156.0, 83.0, 24.0], [162.0, 82.5, 24.1], [168.0, 82.2, 24.3], [174.0, 82.0, 24.8], [180.0, 81.7, 25.1], [186.0, 81.3, 25.2], [192.0, 81.0, 25.3]]",s197503,c3,4
"[[0.0, 159.7, 15.4], [6.0, 158.3, 15.7], [12.0, 156.9, 15.9], [18.0, 155.5, 16.1], [24.0, 154.0, 16.4], [30.0, 152.5, 16.8], [36.0, 151.0, 17.1], [42.0, 149.3, 17.5], [48.0, 147.9, 18.0], [54.0, 146.5, 18.6], [60.0, 145.3, 19.3], [66.0, 144.2, 20.0], [72.0, 143.2, 20.7], [78.0, 142.4, 21.7], [84.0, 142.0, 22.7], [90.0, 141.7, 23.7], [96.0, 141.2, 24.8], [102.0, 140.9, 25.8], [108.0, 140.6, 26.3], [114.0, 140.4, 26.7], [120.0, 139.6, 26.6], [126.0, 138.6, 26.5], [132.0, 137.3, 26.4], [138.0, 136.1, 26.3], [144.0, 135.0, 26.2], [150.0, 133.8, 26.1], [156.0, 132.7, 26.0], [162.0, 131.3, 26.2], [168.0, 130.7, 26.5], [174.0, 130.3, 26.8], [180.0, 129.8, 27.3], [186.0, 129.3, 27.7], [192.0, 129.1, 27.9], [198.0, 128.8, 28.2], [204.0, 128.5, 28.4], [210.0, 128.1, 28.8], [216.0, 127.8, 29.0], [222.0, 127.4, 29.4], [228.0, 126.7, 30.0], [234.0, 125.9, 30.8], [240.0, 125.1, 31.7], [246.0, 124.2, 32.6], [252.0, 123.4, 33.5], [258.0, 122.8, 34.5], [264.0, 122.4, 35.6], [270.0, 122.2, 36.7], [276.0, 122.2, 37.8], [282.0, 122.2, 38.9], [288.0, 123.1, 40.0], [294.0, 124.9, 40.8], [300.0, 127.0, 41.4], [306.0, 129.3, 41.9], [312.0, 132.2, 42.3], [318.0, 135.2, 42.7], [324.0, 138.2, 43.0], [330.0, 141.5, 43.4], [336.0, 145.0, 44.0], [342.0, 148.5, 44.5], [348.0, 152.0, 44.9], [354.0, 155.2, 44.8], [360.0, 158.5, 44.6], [366.0, 161.9, 44.3], [372.0, 165.0, 44.0], [378.0, 168.2, 44.2], [384.0, 171.5, 44.3], [390.0, 174.9, 44.6], [396.0, 178.2, 44.8], [402.0, 181.5, 45.1]]",s196703,c2,5
"[[0.0, 104.2, 16.9], [6.0, 101.9, 16.8], [12.0, 99.8, 17.2], [18.0, 97.8, 18.2], [24.0, 96.1, 19.4], [30.0, 95.0, 20.9], [36.0, 93.6, 22.4], [42.0, 93.0, 23.4], [48.0, 92.7, 24.4], [54.0, 92.5, 25.9], [60.0, 92.6, 27.5], [66.0, 93.0, 28.7], [72.0, 93.2, 29.7], [78.0, 93.9, 30.4], [84.0, 95.0, 30.9], [90.0, 96.2, 31.2], [96.0, 97.7, 31.6], [102.0, 99.8, 32.5], [108.0, 102.9, 33.8], [114.0, 106.6, 35.4], [120.0, 110.3, 37.0], [126.0, 114.3, 39.3]]",s195308,c3,6
"[[0.0, 100.0, 13.0], [6.0, 99.4, 13.4], [12.0, 98.7, 14.0], [18.0, 97.8, 14.8], [24.0, 97.0, 15.5], [30.0, 96.5, 16.3], [36.0, 96.0, 17.0], [42.0, 95.5, 17.6], [48.0, 95.0, 18.0], [54.0, 94.8, 18.4], [60.0, 94.7, 18.9], [66.0, 94.5, 19.2], [72.0, 94.3, 19.4], [78.0, 94.0, 19.4], [84.0, 93.9, 19.3], [90.0, 94.1, 19.2], [96.0, 94.2, 19.2], [102.0, 94.3, 19.4], [108.0, 95.0, 20.0], [114.0, 95.2, 20.5], [120.0, 95.4, 21.0], [126.0, 95.5, 21.7], [132.0, 95.9, 22.5], [138.0, 96.4, 23.2], [144.0, 97.1, 24.0], [150.0, 98.0, 25.1], [156.0, 99.4, 26.4], [162.0, 101.0, 27.8], [168.0, 102.7, 29.6], [174.0, 103.5, 30.5], [180.0, 103.9, 31.9], [186.0, 103.8, 33.4], [192.0, 103.6, 34.9], [198.0, 103.5, 36.0], [204.0, 103.5, 36.5]]",s196411,c3,7
"[[0.0, 100.5, 13.2], [6.0, 99.2, 13.9], [12.0, 98.2, 14.8], [18.0, 97.4, 15.7], [24.0, 96.4, 16.6], [30.0, 95.2, 17.4], [36.0, 93.7, 18.3], [42.0, 92.4, 19.1], [48.0, 91.3, 19.7], [54.0, 90.0, 20.2], [60.0, 88.9, 20.5], [66.0, 87.7, 20.6], [72.0, 86.4, 20.6], [78.0, 85.3, 20.7], [84.0, 84.2, 20.8], [90.0, 83.2, 20.9], [96.0, 81.9, 20.8], [102.0, 80.6, 20.7], [108.0, 79.2, 20.8], [114.0, 77.8, 21.1], [120.0, 76.6, 21.6], [126.0, 75.1, 22.0], [132.0, 73.0, 22.5]]",s199004,c2,8
"[[0.0, 131.1, 14.5], [6.0, 129.5, 14.8], [12.0, 127.7, 15.0], [18.0, 126.0, 15.2], [24.0, 124.4, 15.5], [30.0, 122.8, 15.8], [36.0, 121.2, 16.3], [42.0, 120.1, 16.9], [48.0, 119.3, 17.4], [54.0, 118.8, 17.8], [60.0, 118.0, 19.0], [66.0, 117.4, 20.3], [72.0, 117.2, 21.3], [78.0, 116.8, 21.8], [84.0, 116.2, 22.5], [90.0, 115.6, 22.8], [96.0, 114.9, 23.1], [102.0, 114.4, 23.3], [108.0, 113.7, 23.6], [114.0, 113.0, 23.9], [120.0, 112.7, 24.1], [126.0, 111.9, 24.3], [132.0, 111.1, 24.8], [138.0, 110.6, 25.5], [144.0, 110.2, 26.4], [150.0, 110.2, 27.2], [156.0, 110.4, 28.0], [162.0, 110.4, 29.2], [168.0, 111.4, 31.0], [174.0, 111.9, 32.8], [180.0, 112.5, 34.5], [186.0, 113.7, 37.1], [192.0, 114.6, 39.1], [198.0, 113.4, 42.2], [204.0, 113.1, 42.7], [210.0, 113.5, 43.5], [216.0, 115.2, 44.1], [222.0, 117.2, 44.7], [228.0, 119.7, 45.1], [234.0, 122.3, 45.5], [240.0, 125.1, 46.0]]",s196204,c2,9
"[[0.0, 97.4, 13.6], [6.0, 97.0, 14.7], [12.0, 96.6, 16.0], [18.0, 96.1, 17.3], [24.0, 95.7, 18.6], [30.0, 95.4, 19.3], [36.0, 95.2, 20.0], [42.0, 94.9, 20.8], [48.0, 94.8, 21.3], [54.0, 94.7, 21.6], [60.0, 94.6, 22.0], [66.0, 94.5, 22.5], [72.0, 94.3, 23.2], [78.0, 93.9, 23.7], [84.0, 93.5, 24.1], [90.0, 93.0, 24.1], [96.0, 92.8, 24.1], [102.0, 92.6, 24.1], [108.0, 91.7, 23.9], [114.0, 91.0, 23.8], [120.0, 90.2, 23.8], [126.0, 89.7, 24.0], [132.0, 88.4, 24.9], [138.0, 87.2, 25.6], [144.0, 86.0, 25.6], [150.0, 85.0, 25.5], [156.0, 84.8, 25.6], [162.0, 84.8, 25.8], [168.0, 85.2, 26.0], [174.0, 85.6, 26.2], [180.0, 86.3, 26.3], [186.0, 86.8, 26.2], [192.0, 87.1, 25.9], [198.0, 87.0, 25.4], [204.0, 86.9, 25.2]]",s198010,c2,10
"[[0.0, 99.3, 10.6], [6.0, 98.7, 10.7], [12.0, 97.8, 11.0], [18.0, 97.0, 11.3], [24.0, 96.2, 11.8], [30.0, 95.7, 12.1], [36.0, 95.1, 12.5], [42.0, 94.6, 12.9], [48.0, 94.2, 13.3], [54.0, 93.7, 13.8], [60.0, 93.2, 14.5], [66.0, 92.7, 15.4], [72.0, 92.2, 16.3], [78.0, 91.9, 17.3], [84.0, 91.4, 18.2], [90.0, 90.7, 18.7], [96.0, 89.5, 19.2], [102.0, 88.4, 19.6], [108.0, 87.5, 20.0], [114.0, 86.8, 20.5], [120.0, 86.1, 20.7], [126.0, 85.8, 20.9], [132.0, 85.0, 21.1], [138.0, 84.1, 21.2], [144.0, 83.0, 21.3], [150.0, 81.7, 21.1], [156.0, 79.8, 20.9], [162.0, 77.5, 20.8], [168.0, 75.3, 20.8]]",s199307,c2,11
"[[0.0, 116.0, 36.5], [6.0, 117.5, 37.0], [12.0, 119.0, 37.5], [18.0, 120.5, 37.5], [24.0, 122.0, 37.5], [30.0, 123.2, 37.3], [36.0, 123.8, 37.2], [42.0, 124.5, 37.2], [48.0, 125.2, 37.2], [54.0, 125.7, 37.3], [60.0, 126.2, 37.3], [66.0, 126.5, 37.3], [72.0, 126.7, 37.3], [78.0, 126.9, 37.2], [84.0, 127.1, 37.4], [90.0, 127.3, 37.7], [96.0, 127.6, 38.0], [102.0, 128.0, 38.3], [108.0, 129.0, 38.5], [114.0, 131.0, 38.5], [120.0, 133.4, 38.8], [126.0, 135.4, 40.0], [132.0, 137.4, 40.5], [138.0, 139.3, 40.9], [144.0, 140.1, 41.1], [150.0, 143.0, 41.2], [156.0, 144.3, 41.0], [162.0, 145.4, 41.2], [168.0, 146.6, 41.6], [174.0, 147.5, 41.7], [180.0, 147.8, 41.6], [186.0, 147.9, 41.5], [192.0, 147.8, 41.2], [198.0, 147.4, 40.9], [204.0, 146.0, 40.6], [210.0, 144.6, 40.7], [216.0, 143.2, 41.1], [222.0, 142.2, 41.9], [228.0, 142.0, 42.9], [234.0, 141.9, 44.0], [240.0, 142.1, 45.1], [246.0, 142.1, 46.2]]",s197203,c2,12
"[[0.0, 97.5, 18.5], [6.0, 97.1, 19.5], [12.0, 96.8, 20.3], [18.0, 96.2, 21.1], [24.0, 95.7, 21.9], [30.0, 95.0, 22.7], [36.0, 94.2, 23.3], [42.0, 93.5, 23.9], [48.0, 92.8, 24.3], [54.0, 91.7, 24.9], [60.0, 90.4, 25.3], [66.0, 89.2, 25.8], [72.0, 88.0, 26.2], [78.0, 86.5, 26.6], [84.0, 85.1, 27.0], [90.0, 83.7, 27.5], [96.0, 82.2, 28.1], [102.0, 80.7, 28.6], [108.0, 79.2, 29.1], [114.0, 77.9, 29.7], [120.0, 76.7, 30.3], [126.0, 75.2, 30.9], [132.0, 74.2, 31.5], [138.0, 73.0, 32.3]]",s197003,c3,13
"[[0.0, 148.9, 19.0], [6.0, 146.9, 19.2], [12.0, 144.7, 19.4], [18.0, 142.9, 19.8], [24.0, 141.3, 20.4], [30.0, 139.8, 21.0], [36.0, 138.3, 21.6], [42.0, 136.8, 22.2], [48.0, 135.2, 22.9], [54.0, 133.6, 23.7], [60.0, 131.9, 24.6], [66.0, 130.2, 25.5], [72.0, 128.7, 26.5], [78.0, 127.6, 27.4], [84.0, 126.7, 28.2], [90.0, 126.0, 29.0], [96.0, 125.4, 29.9], [102.0, 124.9, 30.7], [108.0, 124.7, 31.6], [114.0, 124.6, 32.4], [120.0, 124.6, 33.1], [126.0, 124.8, 33.9], [132.0, 125.3, 35.3], [138.0, 126.1, 36.8], [144.0, 127.3, 38.0], [150.0, 128.8, 39.3], [156.0, 130.3, 40.7], [162.0, 132.8, 42.4], [168.0, 136.3, 44.5], [174.0, 139.9, 46.6]]",s195506,c2,14
"[[0.0, 108.0, 21.0], [6.0, 108.1, 21.8], [12.0, 108.2, 22.5], [18.0, 108.3, 23.3], [24.0, 108.4, 24.0], [30.0, 108.5, 24.8], [36.0, 108.6, 25.5], [42.0, 108.7, 26.3], [48.0, 108.8, 27.0], [54.0, 108.8, 27.8], [60.0, 108.8, 28.5], [66.0, 108.7, 29.5], [72.0, 108.2, 30.8], [78.0, 107.4, 32.2], [84.0, 106.5, 33.4], [90.0, 105.7, 33.6], [96.0, 105.0, 33.5], [102.0, 104.5, 33.8], [108.0, 104.5, 34.0], [114.0, 105.0, 34.2], [120.0, 105.5, 34.0], [126.0, 105.8, 33.6], [132.0, 106.0, 33.0], [138.0, 105.6, 32.2], [144.0, 105.2, 31.5], [150.0, 104.7, 30.8], [156.0, 104.0, 30.3], [162.0, 103.1, 29.6], [168.0, 102.3, 28.9], [174.0, 101.8, 28.8], [180.0, 101.5, 28.8], [186.0, 101.0, 29.0], [192.0, 100.4, 29.4], [198.0, 100.3, 29.8], [204.0, 100.4, 30.3], [210.0, 100.3, 31.1], [216.0, 100.4, 31.8], [222.0, 101.0, 32.1], [228.0, 101.9, 32.4], [234.0, 102.7, 33.2], [240.0, 103.1, 33.2], [246.0, 103.5, 32.9], [252.0, 104.0, 33.0], [258.0, 104.1, 32.9], [264.0, 104.7, 32.9], [270.0, 105.4, 32.7], [276.0, 106.6, 32.6], [282.0, 107.1, 33.2], [288.0, 107.7, 33.9], [294.0, 108.5, 35.1], [300.0, 109.7, 36.3], [306.0, 111.2, 37.8], [312.0, 112.8, 40.8], [318.0, 114.0, 44.0], [324.0, 116.0, 47.0], [330.0, 117.0, 49.0]]",s196308,c2,15
"[[0.0, 105.7, 25.6], [6.0, 105.1, 25.7], [12.0, 104.6, 25.9], [18.0, 104.2, 26.4], [24.0, 103.8, 27.1], [30.0, 103.5, 27.8], [36.0, 103.1, 28.4], [42.0, 102.9, 29.0], [48.0, 103.0, 29.7], [54.0, 103.1, 30.5], [60.0, 103.4, 31.5], [66.0, 103.9, 33.0], [72.0, 104.7, 34.6], [78.0, 105.5, 36.5], [84.0, 107.0, 38.9], [90.0, 108.6, 41.4], [96.0, 110.4, 43.8], [102.0, 112.4, 45.6], [108.0, 114.5, 47.0], [114.0, 118.1, 48.4], [120.0, 121.7, 49.8], [126.0, 125.1, 50.9], [132.0, 128.6, 51.6], [138.0, 132.7, 51.9], [144.0, 137.2, 51.9], [150.0, 141.7, 51.5], [156.0, 145.9, 50.7], [162.0, 149.7, 49.3], [168.0, 153.1, 47.7], [174.0, 156.1, 46.3], [180.0, 158.6, 45.3], [186.0, 160.1, 44.2], [192.0, 160.6, 43.1], [198.0, 160.9, 42.4], [204.0, 161.4, 42.2], [210.0, 161.9, 42.1], [216.0, 162.1, 41.9], [222.0, 162.2, 41.7], [228.0, 162.4, 41.3], [234.0, 162.7, 40.9], [240.0, 163.2, 40.5], [246.0, 164.0, 40.2], [252.0, 164.8, 40.0], [258.0, 165.6, 39.9], [264.0, 166.2, 39.9], [270.0, 166.9, 40.0], [276.0, 167.6, 40.0], [282.0, 168.2, 40.0], [288.0, 168.7, 40.0], [294.0, 169.1, 40.0], [300.0, 169.5, 40.0], [306.0, 169.9, 40.0], [312.0, 170.1, 40.0]]",s199102,c3,16
"[[0.0, 137.0, 17.0], [6.0, 136.0, 17.1], [12.0, 134.9, 17.2], [18.0, 133.9, 17.3], [24.0, 133.1, 17.5], [30.0, 132.2, 17.7], [36.0, 131.0, 17.9], [42.0, 129.8, 18.0], [48.0, 128.6, 18.2], [54.0, 127.4, 18.5], [60.0, 125.7, 18.9], [66.0, 124.1, 19.3], [72.0, 123.0, 19.8], [78.0, 122.0, 20.3], [84.0, 121.1, 21.1], [90.0, 120.2, 22.0], [96.0, 119.6, 22.7], [102.0, 119.2, 23.3], [108.0, 118.9, 23.6], [114.0, 118.9, 24.0], [120.0, 119.0, 24.7], [126.0, 119.2, 25.3], [132.0, 119.3, 25.9], [138.0, 119.5, 26.4], [144.0, 119.5, 26.9], [150.0, 119.0, 27.4], [156.0, 117.8, 27.4], [162.0, 116.6, 27.2], [168.0, 115.6, 27.3], [174.0, 114.6, 27.4], [180.0, 113.3, 27.6], [186.0, 111.9, 28.0], [192.0, 110.6, 28.5], [198.0, 109.4, 29.1], [204.0, 108.0, 29.6], [210.0, 106.6, 30.2], [216.0, 105.7, 30.7], [222.0, 105.0, 31.2], [228.0, 104.0, 32.0], [234.0, 103.1, 32.8], [240.0, 102.5, 33.5], [246.0, 102.0, 34.3], [252.0, 101.5, 35.4], [258.0, 101.0, 36.6], [264.0, 101.0, 37.7], [270.0, 101.9, 38.8], [276.0, 103.2, 39.6], [282.0, 104.7, 40.2], [288.0, 106.3, 40.7], [294.0, 107.9, 41.0], [300.0, 109.6, 41.3], [306.0, 111.4, 41.5], [312.0, 113.4, 41.8], [318.0, 116.0, 42.1], [324.0, 119.3, 42.6], [330.0, 123.0, 43.3], [336.0, 126.8, 44.2], [342.0, 130.7, 45.0], [348.0, 134.1, 46.2]]",s195503,c3,17
"[[0.0, 115.4, 28.0], [6.0, 113.5, 30.0], [12.0, 112.9, 30.8], [18.0, 111.5, 31.4], [24.0, 109.2, 31.9], [30.0, 106.8, 31.8], [36.0, 104.7, 31.0], [42.0, 102.9, 30.1], [48.0, 101.8, 29.4], [54.0, 101.4, 28.7], [60.0, 101.2, 28.0], [66.0, 101.3, 27.3], [72.0, 101.8, 26.9], [78.0, 102.3, 27.0], [84.0, 102.7, 27.2], [90.0, 103.0, 27.4], [96.0, 103.3, 27.7], [102.0, 103.7, 28.1], [108.0, 104.0, 28.8], [114.0, 104.2, 29.7], [120.0, 104.4, 30.6], [126.0, 104.6, 31.5], [132.0, 104.7, 32.4], [138.0, 104.8, 33.2], [144.0, 105.3, 34.4], [150.0, 105.8, 35.5], [156.0, 106.4, 35.9], [162.0, 107.0, 36.2], [168.0, 107.8, 36.5], [174.0, 108.8, 36.6], [180.0, 109.8, 36.6], [186.0, 111.0, 36.5], [192.0, 113.0, 36.4], [198.0, 115.0, 36.5], [204.0, 116.4, 37.1], [210.0, 117.7, 37.9], [216.0, 118.8, 38.7], [222.0, 120.0, 39.5], [228.0, 120.8, 40.1]]",s195101,c3,18
"[[0.0, 126.2, 20.2], [6.0, 125.5, 20.3], [12.0, 124.7, 20.6], [18.0, 123.7, 20.9], [24.0, 122.9, 21.4], [30.0, 122.4, 21.8], [36.0, 122.0, 22.3], [42.0, 121.8, 22.8], [48.0, 121.8, 23.4], [54.0, 121.9, 24.0], [60.0, 122.0, 24.7], [66.0, 122.1, 25.6], [72.0, 122.3, 26.5], [78.0, 122.6, 27.3], [84.0, 123.2, 28.2], [90.0, 123.8, 29.1], [96.0, 124.6, 29.8], [102.0, 125.4, 30.3], [108.0, 126.2, 30.8], [114.0, 126.5, 31.1], [120.0, 126.5, 31.1], [126.0, 126.5, 31.1], [132.0, 126.4, 31.2], [138.0, 126.2, 31.3], [144.0, 126.1, 31.5], [150.0, 126.2, 31.9], [156.0, 126.3, 32.4], [162.0, 126.7, 33.3], [168.0, 127.1, 34.1], [174.0, 127.9, 35.0], [180.0, 129.4, 36.1], [186.0, 131.3, 36.9], [192.0, 133.7, 37.5], [198.0, 136.7, 38.0], [204.0, 139.8, 38.1], [210.0, 143.0, 38.0], [216.0, 146.5, 37.8], [222.0, 150.1, 37.7], [228.0, 153.9, 37.6], [234.0, 157.4, 37.8], [240.0, 161.5, 38.5], [246.0, 166.0, 40.1], [252.0, 169.6, 43.8], [258.0, 171.0, 48.5], [264.0, 170.5, 52.5], [270.0, 169.5, 54.5], [276.0, 166.0, 57.0], [282.0, 161.5, 56.5], [288.0, 160.5, 56.0], [294.0, 160.0, 54.5], [300.0, 160.0, 52.5], [306.0, 162.3, 50.7], [312.0, 165.5, 49.0], [318.0, 170.0, 48.0], [324.0, 171.5, 48.5], [330.0, 172.0, 49.0], [336.0, 172.5, 50.5]]",s200608,c3,19
"[[0.0, 160.0, 13.0], [6.0, 156.5, 11.8], [12.0, 155.2, 11.6], [18.0, 154.0, 11.5], [24.0, 152.5, 11.5], [30.0, 151.0, 11.8], [36.0, 149.5, 12.4], [42.0, 148.0, 13.0], [48.0, 146.7, 13.7], [54.0, 145.4, 14.4], [60.0, 143.8, 15.2], [66.0, 142.2, 16.0], [72.0, 141.0, 16.5], [78.0, 139.9, 17.1], [84.0, 138.6, 17.6], [90.0, 137.0, 18.2], [96.0, 134.5, 19.2], [102.0, 131.8, 20.3], [108.0, 130.5, 21.0], [114.0, 129.3, 21.7], [120.0, 126.9, 23.0], [126.0, 124.8, 24.4], [132.0, 123.6, 25.2], [138.0, 122.5, 26.4], [144.0, 121.2, 29.2], [150.0, 120.0, 32.4], [156.0, 120.2, 35.3], [162.0, 122.0, 38.0], [168.0, 125.4, 40.0], [174.0, 129.5, 42.0], [180.0, 136.1, 44.5], [186.0, 143.0, 47.0], [192.0, 150.1, 49.6], [198.0, 157.2, 52.4], [204.0, 158.9, 55.5], [210.0, 156.8, 59.0]]",s195106,c3,20
"[[0.0, 145.7, 13.4], [6.0, 143.9, 13.8], [12.0, 142.1, 14.2], [18.0, 140.2, 14.8], [24.0, 138.4, 15.3], [30.0, 136.7, 16.2], [36.0, 134.7, 16.9], [42.0, 132.7, 17.6], [48.0, 130.9, 18.4], [54.0, 128.9, 19.1], [60.0, 127.2, 19.7], [66.0, 125.1, 20.1], [72.0, 123.3, 20.6], [78.0, 121.5, 21.2], [84.0, 119.9, 21.8], [90.0, 118.3, 22.4], [96.0, 116.8, 22.7], [102.0, 115.6, 23.0], [108.0, 114.3, 23.4], [114.0, 113.1, 23.9], [120.0, 111.8, 24.3], [126.0, 110.6, 24.8], [132.0, 109.5, 25.4], [138.0, 108.6, 25.9], [144.0, 107.8, 26.4], [150.0, 106.9, 26.9], [156.0, 106.1, 27.5], [162.0, 105.9, 27.9], [168.0, 105.7, 28.4], [174.0, 105.9, 29.2], [180.0, 106.3, 30.0], [186.0, 106.7, 30.9], [192.0, 107.3, 31.7], [198.0, 108.0, 32.2], [204.0, 109.3, 32.9], [210.0, 110.9, 33.7], [216.0, 112.4, 34.6], [222.0, 114.6, 36.0], [228.0, 116.9, 37.9], [234.0, 119.9, 39.9], [240.0, 122.5, 42.1], [246.0, 125.2, 43.4], [252.0, 128.1, 44.6], [258.0, 131.5, 44.8], [264.0, 136.0, 44.9], [270.0, 139.5, 45.0], [276.0, 143.0, 45.3], [282.0, 147.0, 45.9], [288.0, 152.0, 46.5], [294.0, 155.0, 47.0], [300.0, 158.0, 48.0], [306.0, 161.0, 50.0], [312.0, 162.0, 51.5], [318.0, 162.9, 52.8], [324.0, 163.3, 53.3], [330.0, 163.8, 53.8], [336.0, 164.0, 54.5], [342.0, 165.0, 55.0], [348.0, 166.0, 55.8], [354.0, 166.9, 56.4], [360.0, 168.0, 57.0]]",s199804,c2,21
"[[0.0, 133.0, 16.0], [6.0, 132.0, 16.3], [12.0, 131.0, 16.5], [18.0, 129.8, 16.7], [24.0, 128.9, 16.8], [30.0, 128.3, 16.9], [36.0, 127.7, 17.0], [42.0, 127.1, 17.1], [48.0, 126.5, 17.2], [54.0, 125.9, 17.3], [60.0, 125.3, 17.4], [66.0, 124.6, 17.6], [72.0, 123.9, 17.8], [78.0, 123.1, 18.0], [84.0, 122.2, 18.2], [90.0, 121.3, 18.4], [96.0, 120.4, 18.6], [102.0, 119.7, 18.8], [108.0, 119.1, 19.0], [114.0, 118.5, 19.3], [120.0, 118.0, 19.6], [126.0, 117.7, 20.0], [132.0, 117.5, 20.4], [138.0, 117.2, 20.8], [144.0, 117.0, 21.2], [150.0, 116.8, 21.6], [156.0, 116.7, 21.9], [162.0, 116.5, 22.2], [168.0, 116.4, 22.5], [174.0, 116.3, 22.8], [180.0, 116.2, 23.0], [186.0, 116.1, 23.2], [192.0, 116.0, 23.5], [198.0, 115.8, 23.8], [204.0, 115.6, 24.2], [210.0, 115.4, 24.5], [216.0, 115.2, 24.8], [222.0, 115.0, 25.4], [228.0, 115.3, 26.1], [234.0, 115.8, 26.7], [240.0, 116.2, 27.2], [246.0, 116.6, 27.8], [252.0, 117.0, 28.3], [258.0, 117.4, 28.8], [264.0, 117.8, 29.3], [270.0, 118.2, 29.7], [276.0, 118.4, 29.7], [282.0, 118.5, 29.3], [288.0, 118.4, 28.9], [294.0, 118.2, 28.5], [300.0, 117.9, 28.1], [306.0, 117.3, 27.8], [312.0, 116.6, 27.6], [318.0, 115.8, 27.6], [324.0, 115.0, 27.7], [330.0, 114.6, 27.9], [336.0, 114.3, 28.4], [342.0, 114.9, 29.1], [348.0, 116.2, 29.7], [354.0, 117.7, 30.5], [360.0, 119.3, 31.2], [366.0, 120.5, 31.9], [372.0, 121.7, 32.5], [378.0, 122.7, 33.1], [384.0, 123.5, 33.6], [390.0, 124.0, 33.9], [396.0, 124.5, 34.1], [402.0, 125.0, 34.3], [408.0, 125.5, 34.4], [414.0, 126.0, 34.5], [420.0, 126.4, 34.5], [426.0, 126.8, 34.4], [432.0, 127.2, 34.3], [438.0, 127.6, 34.1], [444.0, 128.0, 33.9], [450.0, 128.3, 33.3], [456.0, 128.5, 32.7], [462.0, 128.6, 32.2], [468.0, 128.7, 31.7], [474.0, 128.8, 31.2], [480.0, 128.9, 30.6], [486.0, 129.0, 30.0], [492.0, 128.6, 29.3], [498.0, 128.1, 28.7], [504.0, 127.5, 28.2], [510.0, 126.9, 27.7], [516.0, 126.1, 27.2], [522.0, 125.3, 26.8], [528.0, 124.5, 26.4], [534.0, 123.7, 26.2], [540.0, 122.9, 26.0], [546.0, 122.1, 25.9], [552.0, 121.2, 25.8], [558.0, 120.4, 25.8], [564.0, 119.8, 25.8], [570.0, 119.3, 25.8], [576.0, 119.0, 25.9], [582.0, 118.7, 26.0], [588.0, 118.4, 26.1]]",s196909,c3,22
"[[0.0, 120.0, 15.9], [6.0, 119.3, 16.0], [12.0, 118.5, 16.3], [18.0, 117.4, 16.4], [24.0, 116.5, 16.7], [30.0, 116.0, 17.1], [36.0, 115.2, 17.2], [42.0, 114.6, 17.6], [48.0, 113.8, 18.1], [54.0, 112.9, 18.5], [60.0, 112.2, 18.6], [66.0, 111.5, 18.6], [72.0, 111.0, 18.8], [78.0, 110.6, 19.2], [84.0, 110.1, 19.4], [90.0, 109.3, 19.7], [96.0, 108.4, 20.0], [102.0, 108.0, 20.2], [108.0, 107.5, 20.4], [114.0, 107.2, 21.2], [120.0, 107.7, 21.7], [126.0, 107.8, 22.2], [132.0, 107.7, 22.8], [138.0, 107.5, 23.5], [144.0, 107.7, 24.2], [150.0, 107.9, 24.8], [156.0, 108.0, 25.5], [162.0, 108.3, 26.6], [168.0, 108.6, 27.2], [174.0, 109.2, 27.4], [180.0, 109.8, 27.6], [186.0, 110.5, 27.6], [192.0, 110.8, 27.4], [198.0, 111.1, 27.2], [204.0, 111.3, 26.8], [210.0, 111.5, 26.5], [216.0, 111.2, 26.2], [222.0, 111.0, 25.7], [228.0, 110.7, 25.5], [234.0, 110.4, 25.5], [240.0, 110.0, 25.8], [246.0, 109.6, 26.0], [252.0, 108.8, 26.1], [258.0, 107.8, 26.2], [264.0, 106.9, 26.4], [270.0, 105.7, 26.4], [276.0, 104.4, 26.5], [282.0, 103.1, 26.6], [288.0, 101.8, 26.9], [294.0, 100.6, 27.1], [300.0, 99.4, 27.3], [306.0, 98.4, 27.7], [312.0, 97.7, 28.3], [318.0, 97.3, 29.3], [324.0, 96.7, 30.1], [330.0, 96.1, 31.1], [336.0, 96.4, 32.5], [342.0, 96.8, 33.2], [348.0, 97.6, 34.1], [354.0, 99.0, 35.4], [360.0, 101.6, 37.3], [366.0, 103.6, 38.3], [372.0, 105.3, 38.8], [378.0, 107.5, 38.5]]",s200410,c3,23
"[[0.0, 157.6, 10.5], [6.0, 156.8, 11.3], [12.0, 155.7, 12.2], [18.0, 155.0, 13.1], [24.0, 154.3, 14.0], [30.0, 153.2, 15.1], [36.0, 151.9, 16.2], [42.0, 150.6, 17.2], [48.0, 149.3, 18.2], [54.0, 147.8, 19.2], [60.0, 146.2, 20.2], [66.0, 144.7, 21.1], [72.0, 143.2, 22.6], [78.0, 141.7, 24.5], [84.0, 140.2, 25.3], [90.0, 138.3, 26.0], [96.0, 136.5, 26.5], [102.0, 134.8, 26.7], [108.0, 133.0, 26.9], [114.0, 131.3, 27.1], [120.0, 129.9, 27.1], [126.0, 128.5, 27.2], [132.0, 127.6, 27.8], [138.0, 127.0, 28.7], [144.0, 126.5, 29.6], [150.0, 126.1, 30.7], [156.0, 126.0, 32.0], [162.0, 126.1, 33.3], [168.0, 126.6, 34.6], [174.0, 127.5, 36.0], [180.0, 129.1, 37.5], [186.0, 131.5, 39.5], [192.0, 134.8, 42.1], [198.0, 138.5, 44.7], [204.0, 143.0, 48.6], [210.0, 148.4, 52.3], [216.0, 155.0, 55.5]]",s197306,c3,24
"[[0.0, 108.6, 22.1], [6.0, 107.9, 23.8], [12.0, 107.9, 24.7], [18.0, 107.9, 25.0], [24.0, 107.9, 25.2], [30.0, 107.8, 25.8], [36.0, 107.4, 26.1], [42.0, 106.8, 26.3], [48.0, 106.0, 26.4], [54.0, 105.2, 26.7], [60.0, 104.9, 27.0], [66.0, 104.8, 27.4], [72.0, 104.6, 28.1], [78.0, 104.4, 28.7], [84.0, 104.3, 29.2], [90.0, 104.2, 29.7], [96.0, 104.2, 30.2], [102.0, 104.2, 30.7], [108.0, 104.9, 30.7], [114.0, 105.4, 30.7], [120.0, 106.4, 31.3], [126.0, 107.2, 31.9], [132.0, 108.2, 33.0], [138.0, 109.2, 33.9], [144.0, 110.4, 34.6], [150.0, 111.9, 35.2], [156.0, 113.7, 36.0], [162.0, 115.4, 36.7], [168.0, 117.4, 37.5], [174.0, 120.3, 39.5], [180.0, 123.7, 42.9], [186.0, 126.6, 46.7], [192.0, 130.0, 49.0], [198.0, 134.9, 52.0], [204.0, 138.6, 54.1], [210.0, 143.0, 56.2]]",s196205,c3,25
"[[0.0, 123.4, 13.7], [6.0, 120.4, 14.0], [12.0, 118.0, 15.4], [18.0, 116.0, 16.1], [24.0, 114.4, 16.2], [30.0, 112.8, 16.3], [36.0, 110.7, 16.5], [42.0, 108.9, 16.9], [48.0, 107.6, 17.6], [54.0, 106.3, 18.4], [60.0, 105.0, 19.2], [66.0, 103.7, 20.0], [72.0, 102.8, 20.6], [78.0, 102.0, 21.0], [84.0, 100.9, 21.4], [90.0, 99.8, 21.8], [96.0, 98.9, 21.9], [102.0, 98.0, 22.0], [108.0, 96.8, 22.3], [114.0, 95.5, 22.7], [120.0, 94.4, 22.9], [126.0, 93.3, 23.2], [132.0, 91.9, 23.9], [138.0, 90.5, 24.6], [144.0, 89.2, 25.4], [150.0, 87.9, 26.1], [156.0, 86.8, 26.6], [162.0, 85.5, 27.0], [168.0, 83.7, 27.5], [174.0, 81.8, 28.1], [180.0, 79.5, 28.3]]",s195805,c3,26
"[[0.0, 159.0, 15.5], [6.0, 157.5, 16.5], [12.0, 156.0, 17.5], [18.0, 154.5, 18.5], [24.0, 153.0, 19.0], [30.0, 151.2, 19.8], [36.0, 149.7, 20.5], [42.0, 148.0, 21.2], [48.0, 146.2, 22.0], [54.0, 144.5, 22.5], [60.0, 143.2, 23.2], [66.0, 142.8, 24.4], [72.0, 142.0, 25.6], [78.0, 141.3, 26.4], [84.0, 140.8, 27.0], [90.0, 140.0, 27.5], [96.0, 139.7, 28.0], [102.0, 139.0, 28.6], [108.0, 138.3, 29.3], [114.0, 137.5, 29.9], [120.0, 136.8, 30.4], [126.0, 136.0, 31.0], [132.0, 135.0, 31.5], [138.0, 134.2, 31.2], [144.0, 133.2, 31.0], [150.0, 133.0, 31.1], [156.0, 132.6, 31.3], [162.0, 132.1, 31.4], [168.0, 131.9, 31.6], [174.0, 131.6, 31.8], [180.0, 131.4, 32.2], [186.0, 131.4, 32.4], [192.0, 131.7, 32.8], [198.0, 132.2, 33.2], [204.0, 133.0, 33.9], [210.0, 134.0, 34.5], [216.0, 135.0, 35.0], [222.0, 136.2, 36.0], [228.0, 138.5, 37.0], [234.0, 140.5, 38.5], [240.0, 142.2, 40.2], [246.0, 144.2, 42.0], [252.0, 146.0, 43.4], [258.0, 148.0, 45.0]]",s197907,c2,27
"[[0.0, 112.3, 21.5], [6.0, 111.1, 22.0], [12.0, 110.0, 22.4], [18.0, 109.1, 22.7], [24.0, 108.5, 22.8], [30.0, 108.1, 23.0], [36.0, 107.9, 23.2], [42.0, 107.7, 23.4], [48.0, 107.5, 23.6], [54.0, 106.9, 23.8], [60.0, 106.4, 24.1], [66.0, 106.0, 24.4], [72.0, 105.6, 24.8], [78.0, 105.0, 25.2], [84.0, 104.5, 25.6], [90.0, 104.1, 25.9], [96.0, 103.8, 26.1], [102.0, 103.3, 26.5], [108.0, 103.0, 27.1], [114.0, 102.7, 27.7], [120.0, 102.3, 28.3], [126.0, 102.1, 29.0], [132.0, 101.6, 29.9], [138.0, 101.6, 30.8], [144.0, 101.9, 31.9], [150.0, 102.4, 32.8], [156.0, 103.5, 33.6], [162.0, 105.2, 34.3], [168.0, 106.4, 34.9], [174.0, 107.1, 35.1], [180.0, 107.2, 35.2], [186.0, 106.7, 35.1], [192.0, 106.4, 35.2], [198.0, 106.6, 35.0], [204.0, 106.5, 35.4], [210.0, 106.2, 35.5], [216.0, 106.3, 35.4], [222.0, 106.4, 35.2], [228.0, 106.3, 35.1], [234.0, 106.1, 34.8], [240.0, 106.0, 34.2], [246.0, 105.9, 33.6], [252.0, 106.1, 33.2], [258.0, 106.2, 33.0], [264.0, 106.0, 33.1], [270.0, 105.5, 33.3], [276.0, 104.7, 33.9], [282.0, 104.0, 34.5], [288.0, 103.2, 35.0], [294.0, 102.3, 35.5], [300.0, 101.2, 36.1], [306.0, 100.6, 36.2], [312.0, 100.1, 36.2], [318.0, 99.9, 36.4], [324.0, 100.1, 37.0], [330.0, 100.5, 37.7], [336.0, 101.5, 38.5], [342.0, 103.0, 40.8], [348.0, 102.3, 42.7], [354.0, 102.3, 43.5], [360.0, 103.5, 43.5], [366.0, 104.2, 44.0], [372.0, 105.2, 44.9], [378.0, 104.4, 45.5]]",s199904,c2,28
"[[0.0, 129.1, 11.7], [6.0, 127.3, 11.8], [12.0, 125.7, 11.9], [18.0, 124.6, 12.1], [24.0, 123.5, 12.5], [30.0, 122.3, 13.0], [36.0, 121.2, 13.5], [42.0, 120.2, 14.2], [48.0, 119.2, 15.0], [54.0, 118.3, 15.8], [60.0, 117.2, 16.5], [66.0, 116.5, 16.8], [72.0, 115.8, 17.4], [78.0, 115.3, 17.9], [84.0, 114.8, 18.5], [90.0, 114.2, 19.0], [96.0, 113.6, 19.7], [102.0, 113.0, 20.4], [108.0, 112.5, 21.2], [114.0, 111.8, 22.0], [120.0, 111.2, 22.9], [126.0, 110.9, 24.0], [132.0, 110.6, 25.0], [138.0, 110.5, 26.1], [144.0, 110.7, 27.2], [150.0, 111.0, 28.4], [156.0, 111.4, 29.6], [162.0, 111.8, 31.0], [168.0, 112.3, 32.6], [174.0, 113.2, 34.2], [180.0, 113.9, 35.8], [186.0, 114.8, 37.3], [192.0, 115.7, 38.3], [198.0, 116.7, 39.0], [204.0, 118.1, 39.3], [210.0, 119.4, 39.4], [216.0, 120.7, 39.6], [222.0, 121.7, 39.8], [228.0, 122.4, 39.7], [234.0, 122.9, 39.4], [240.0, 123.2, 39.0], [246.0, 123.3, 38.4], [252.0, 123.3, 37.8], [258.0, 123.3, 37.1], [264.0, 123.2, 36.6], [270.0, 122.8, 35.9], [276.0, 121.9, 35.0], [282.0, 122.3, 33.8], [288.0, 123.0, 33.0], [294.0, 123.4, 32.6], [300.0, 123.7, 32.0], [306.0, 124.0, 31.1], [312.0, 124.9, 30.9], [318.0, 125.3, 31.0], [324.0, 125.8, 31.1], [330.0, 126.2, 31.3], [336.0, 126.6, 31.5], [342.0, 126.9, 31.7], [348.0, 127.4, 31.8], [354.0, 127.9, 32.2], [360.0, 128.3, 32.6], [366.0, 128.6, 32.9], [372.0, 128.9, 33.2], [378.0, 129.1, 33.6], [384.0, 129.4, 34.0], [390.0, 130.1, 34.3], [396.0, 130.9, 34.8], [402.0, 131.8, 35.3], [408.0, 132.8, 35.3], [414.0, 132.3, 34.9], [420.0, 131.5, 34.6], [426.0, 130.7, 34.6], [432.0, 130.0, 34.7], [438.0, 129.5, 34.8], [444.0, 129.0, 35.0], [450.0, 128.5, 35.2], [456.0, 128.1, 35.3]]",s199513,c3,29
"[[0.0, 133.0, 22.7], [6.0, 132.3, 23.2], [12.0, 131.8, 23.8], [18.0, 131.1, 24.2], [24.0, 130.1, 24.5], [30.0, 129.3, 24.7], [36.0, 128.6, 25.0], [42.0, 127.8, 25.3], [48.0, 127.4, 26.0], [54.0, 127.1, 26.7], [60.0, 126.6, 27.3], [66.0, 126.0, 28.1], [72.0, 125.4, 28.8], [78.0, 124.9, 29.4], [84.0, 124.3, 30.0], [90.0, 123.8, 30.6], [96.0, 123.3, 31.3], [102.0, 123.1, 32.0], [108.0, 123.0, 32.6], [114.0, 123.1, 33.0], [120.0, 123.5, 33.3], [126.0, 124.0, 33.7], [132.0, 125.2, 34.4], [138.0, 126.9, 35.4], [144.0, 130.1, 37.0], [150.0, 134.5, 39.2], [156.0, 139.3, 41.8], [162.0, 143.8, 44.2]]",s199406,c2,30
"[[0.0, 156.0, 13.1], [6.0, 154.6, 12.4], [12.0, 153.0, 11.8], [18.0, 151.2, 11.2], [24.0, 149.4, 10.7], [30.0, 148.0, 10.4], [36.0, 146.8, 10.3], [42.0, 145.6, 10.2], [48.0, 144.4, 10.2], [54.0, 143.1, 10.3], [60.0, 141.8, 10.3], [66.0, 140.9, 10.4], [72.0, 140.0, 10.5], [78.0, 139.0, 10.6], [84.0, 138.0, 10.8], [90.0, 137.3, 11.0], [96.0, 136.6, 11.4], [102.0, 135.9, 12.2], [108.0, 135.1, 13.2], [114.0, 134.2, 14.4], [120.0, 133.3, 15.5], [126.0, 132.6, 16.4], [132.0, 132.0, 17.2], [138.0, 131.3, 18.1], [144.0, 130.5, 19.0], [150.0, 129.0, 20.4], [156.0, 127.2, 22.0], [162.0, 125.7, 23.4], [168.0, 124.5, 24.7], [174.0, 123.6, 25.5], [180.0, 122.9, 26.2], [186.0, 122.3, 27.7], [192.0, 122.0, 29.2], [198.0, 122.2, 30.3], [204.0, 122.7, 31.3], [210.0, 123.4, 32.3], [216.0, 124.2, 33.2], [222.0, 125.4, 32.8], [228.0, 124.6, 32.2], [234.0, 123.8, 32.4], [240.0, 122.9, 32.6], [246.0, 122.3, 32.7], [252.0, 121.8, 32.7], [258.0, 121.4, 32.8], [264.0, 121.0, 32.9], [270.0, 120.5, 33.0], [276.0, 119.9, 33.0], [282.0, 119.3, 33.1], [288.0, 118.8, 33.3], [294.0, 118.3, 34.1], [300.0, 118.3, 35.0], [306.0, 118.7, 35.7], [312.0, 119.2, 36.3], [318.0, 119.5, 36.6], [324.0, 119.9, 36.9], [330.0, 120.5, 37.3], [336.0, 121.2, 37.8], [342.0, 121.9, 38.4], [348.0, 123.2, 39.7], [354.0, 125.3, 41.7], [360.0, 127.5, 43.7]]",s195003,c3,31
"[[0.0, 118.3, 16.0], [6.0, 117.6, 17.0], [12.0, 116.9, 17.9], [18.0, 115.8, 18.9], [24.0, 114.4, 19.9], [30.0, 113.0, 20.9], [36.0, 111.7, 21.9], [42.0, 110.5, 22.9], [48.0, 109.5, 23.9], [54.0, 108.9, 24.8], [60.0, 108.8, 26.3], [66.0, 109.2, 28.0], [72.0, 109.6, 28.8], [78.0, 110.3, 29.5], [84.0, 111.7, 30.8], [90.0, 113.8, 32.6], [96.0, 116.4, 34.8], [102.0, 119.8, 37.0], [108.0, 123.9, 39.2], [114.0, 128.9, 41.4], [120.0, 134.0, 43.0], [126.0, 139.0, 44.3], [132.0, 144.0, 46.2], [138.0, 149.1, 48.1], [144.0, 154.0, 49.7], [150.0, 158.7, 51.3], [156.0, 163.3, 52.4]]",s195306,c3,32
"[[0.0, 118.0, 11.5], [6.0, 116.5, 11.8], [12.0, 115.0, 12.0], [18.0, 113.5, 12.5], [24.0, 110.8, 13.2], [30.0, 109.3, 13.7], [36.0, 107.8, 14.3], [42.0, 105.7, 14.9], [48.0, 104.2, 15.3], [54.0, 103.3, 15.6], [60.0, 102.4, 16.0], [66.0, 101.4, 16.2], [72.0, 100.6, 16.4], [78.0, 99.4, 16.8], [84.0, 98.0, 17.1], [90.0, 96.8, 17.3], [96.0, 95.3, 17.1], [102.0, 94.5, 16.8], [108.0, 93.8, 16.6], [114.0, 93.3, 16.4], [120.0, 92.4, 16.3], [126.0, 92.1, 16.3], [132.0, 91.8, 16.2], [138.0, 91.4, 16.2], [144.0, 91.2, 16.1], [150.0, 90.8, 16.1], [156.0, 90.3, 16.2]]",s196906,c3,33
"[[0.0, 119.7, 16.2], [6.0, 118.9, 16.7], [12.0, 118.1, 17.3], [18.0, 117.4, 18.0], [24.0, 116.7, 18.6], [30.0, 116.0, 19.0], [36.0, 115.3, 19.5], [42.0, 114.5, 20.1], [48.0, 113.8, 20.9], [54.0, 112.9, 21.7], [60.0, 112.3, 22.6], [66.0, 111.4, 23.6], [72.0, 110.9, 24.5], [78.0, 110.9, 25.5], [84.0, 110.9, 26.4], [90.0, 111.1, 27.5], [96.0, 111.5, 28.4], [102.0, 112.2, 29.3], [108.0, 112.8, 29.9], [114.0, 113.5, 30.6], [120.0, 114.4, 31.4], [126.0, 115.3, 32.0], [132.0, 117.0, 32.9], [138.0, 119.3, 33.7], [144.0, 121.5, 34.2], [150.0, 123.7, 33.8], [156.0, 126.0, 33.5], [162.0, 128.7, 33.6], [168.0, 131.3, 34.0], [174.0, 133.6, 34.0], [180.0, 135.9, 33.8], [186.0, 138.3, 34.5], [192.0, 140.3, 35.5], [198.0, 141.7, 36.6], [204.0, 143.1, 37.6], [210.0, 144.8, 39.0], [216.0, 146.6, 40.6]]",s198106,c3,34
"[[0.0, 142.3, 11.8], [6.0, 141.5, 12.8], [12.0, 140.6, 14.0], [18.0, 139.8, 15.2], [24.0, 139.0, 16.6], [30.0, 138.2, 18.0], [36.0, 137.0, 19.2], [42.0, 136.2, 20.0], [48.0, 135.8, 21.0], [54.0, 135.5, 22.0], [60.0, 135.7, 23.0], [66.0, 136.4, 23.9], [72.0, 137.4, 24.8], [78.0, 138.7, 26.1], [84.0, 140.1, 27.2], [90.0, 141.8, 28.3], [96.0, 143.2, 29.2], [102.0, 144.6, 30.0], [108.0, 145.2, 30.8], [114.0, 144.9, 31.8], [120.0, 144.0, 32.6], [126.0, 142.9, 32.5], [132.0, 141.7, 32.4], [138.0, 140.4, 32.2], [144.0, 139.1, 31.7], [150.0, 137.9, 31.1], [156.0, 137.0, 30.3], [162.0, 136.4, 30.1], [168.0, 135.3, 29.9], [174.0, 134.2, 29.6], [180.0, 133.1, 29.4], [186.0, 132.2, 29.4], [192.0, 130.9, 29.6], [198.0, 129.7, 29.9], [204.0, 128.4, 30.1], [210.0, 127.2, 30.1], [216.0, 126.0, 30.2], [222.0, 125.3, 30.3], [228.0, 124.5, 30.4], [234.0, 123.9, 30.7], [240.0, 123.6, 31.4], [246.0, 123.8, 32.3], [252.0, 124.0, 33.5], [258.0, 124.4, 35.2], [264.0, 125.0, 36.9], [270.0, 126.0, 38.6], [276.0, 127.9, 40.5], [282.0, 130.5, 43.8], [288.0, 132.8, 47.5], [294.0, 136.0, 52.0], [300.0, 139.5, 56.5], [306.0, 143.0, 59.5], [312.0, 146.6, 61.1], [318.0, 151.3, 62.1], [324.0, 156.0, 62.5], [330.0, 161.0, 62.6], [336.0, 167.4, 62.5], [342.0, 174.0, 63.0]]",s200311,c3,35
"[[0.0, 146.5, 17.5], [6.0, 145.6, 17.8], [12.0, 144.7, 18.3], [18.0, 143.6, 19.0], [24.0, 142.4, 19.6], [30.0, 141.0, 20.0], [36.0, 139.8, 20.4], [42.0, 138.7, 20.5], [48.0, 137.3, 20.5], [54.0, 136.0, 20.3], [60.0, 134.7, 20.2], [66.0, 133.8, 20.3], [72.0, 133.0, 20.3], [78.0, 132.2, 20.3], [84.0, 131.5, 20.4], [90.0, 130.7, 20.5], [96.0, 130.0, 20.5], [102.0, 129.2, 20.4], [108.0, 128.5, 20.4], [114.0, 127.8, 20.4], [120.0, 126.6, 20.3], [126.0, 125.4, 20.4], [132.0, 124.2, 20.6], [138.0, 123.5, 20.8], [144.0, 122.9, 21.5], [150.0, 123.0, 22.4], [156.0, 123.1, 23.0], [162.0, 122.8, 23.8], [168.0, 121.9, 24.2], [174.0, 121.2, 24.8], [180.0, 120.6, 25.5], [186.0, 120.0, 26.5], [192.0, 119.1, 27.9], [198.0, 118.0, 29.6], [204.0, 116.9, 31.0], [210.0, 115.8, 32.7], [216.0, 114.8, 34.4], [222.0, 114.3, 36.1], [228.0, 115.0, 37.4], [234.0, 116.3, 38.4], [240.0, 119.5, 39.8], [246.0, 122.9, 41.0], [252.0, 128.0, 42.3], [258.0, 134.0, 42.8], [264.0, 140.0, 42.9], [270.0, 146.0, 43.0]]",s197506,c2,36
"[[0.0, 118.7, 16.8], [6.0, 118.3, 17.4], [12.0, 117.7, 18.0], [18.0, 117.1, 18.6], [24.0, 115.9, 18.9], [30.0, 114.4, 19.2], [36.0, 113.2, 19.5], [42.0, 112.0, 19.8], [48.0, 110.9, 20.1], [54.0, 109.8, 20.4], [60.0, 108.7, 20.4], [66.0, 107.5, 20.3], [72.0, 106.4, 20.2], [78.0, 105.3, 20.1], [84.0, 103.8, 20.1], [90.0, 102.3, 20.1], [96.0, 100.8, 19.9], [102.0, 99.4, 19.6], [108.0, 97.9, 19.4], [114.0, 96.6, 19.2], [120.0, 95.6, 19.1], [126.0, 94.6, 19.2], [132.0, 93.6, 19.4], [138.0, 92.6, 19.6], [144.0, 91.6, 19.9], [150.0, 90.7, 20.2], [156.0, 89.8, 20.6], [162.0, 89.0, 20.9], [168.0, 88.0, 21.1], [174.0, 87.1, 21.3], [180.0, 86.4, 21.4], [186.0, 85.8, 21.6], [192.0, 85.0, 21.8], [198.0, 84.1, 22.0], [204.0, 83.0, 22.2], [210.0, 81.9, 22.3], [216.0, 81.2, 22.2], [222.0, 80.9, 22.0], [228.0, 80.5, 21.8]]",s195508,c3,37
"[[0.0, 156.7, 8.6], [6.0, 154.8, 9.2], [12.0, 153.1, 9.9], [18.0, 151.5, 10.3], [24.0, 150.0, 10.7], [30.0, 148.3, 11.0], [36.0, 147.2, 11.2], [42.0, 145.8, 11.7], [48.0, 144.2, 12.4], [54.0, 142.9, 12.8], [60.0, 141.4, 13.1], [66.0, 140.2, 13.7], [72.0, 138.9, 14.1], [78.0, 137.8, 14.9], [84.0, 137.1, 15.8], [90.0, 136.9, 16.7], [96.0, 136.8, 17.8], [102.0, 136.8, 19.0], [108.0, 137.1, 20.0], [114.0, 137.8, 20.8], [120.0, 138.7, 21.8], [126.0, 139.1, 22.6], [132.0, 139.6, 23.8], [138.0, 139.9, 25.3], [144.0, 140.0, 26.7], [150.0, 139.9, 28.2], [156.0, 139.7, 29.9], [162.0, 139.6, 31.6], [168.0, 139.6, 33.6], [174.0, 139.7, 35.8], [180.0, 139.8, 38.1], [186.0, 140.4, 40.3], [192.0, 144.0, 43.0]]",s199609,c3,38
"[[0.0, 139.0, 12.4], [6.0, 137.7, 12.8], [12.0, 136.5, 13.2], [18.0, 135.3, 13.6], [24.0, 134.1, 13.9], [30.0, 133.0, 14.2], [36.0, 132.0, 14.5], [42.0, 130.5, 15.0], [48.0, 129.0, 15.3], [54.0, 127.7, 15.7], [60.0, 126.7, 16.3], [66.0, 126.0, 17.2], [72.0, 125.4, 18.3], [78.0, 124.8, 19.9], [84.0, 123.7, 21.3], [90.0, 122.6, 22.1], [96.0, 121.4, 22.8], [102.0, 120.4, 23.4], [108.0, 119.4, 24.0], [114.0, 118.5, 24.6], [120.0, 117.7, 25.2], [126.0, 117.2, 25.7], [132.0, 116.9, 26.0], [138.0, 116.6, 26.3], [144.0, 116.3, 26.6], [150.0, 116.1, 26.9], [156.0, 116.0, 27.3], [162.0, 115.9, 27.7], [168.0, 115.9, 28.1], [174.0, 116.0, 28.5], [180.0, 116.1, 29.0], [186.0, 116.4, 29.6], [192.0, 116.9, 30.5], [198.0, 117.8, 31.6], [204.0, 118.9, 32.9], [210.0, 120.6, 34.9], [216.0, 122.2, 36.9], [222.0, 123.5, 38.0], [228.0, 124.7, 39.0], [234.0, 126.1, 39.9], [240.0, 127.4, 40.6], [246.0, 128.9, 41.0], [252.0, 130.3, 40.5], [258.0, 131.0, 40.1], [264.0, 130.9, 39.5], [270.0, 130.3, 38.6], [276.0, 129.2, 37.8], [282.0, 127.5, 37.1], [288.0, 126.0, 37.0], [294.0, 125.4, 37.0], [300.0, 124.9, 37.0], [306.0, 124.5, 37.0], [312.0, 124.0, 37.0], [318.0, 123.7, 37.2]]",s195504,c2,39
"[[0.0, 108.5, 25.5], [6.0, 108.8, 25.2], [12.0, 109.0, 25.0], [18.0, 109.2, 24.8], [24.0, 109.5, 24.6], [30.0, 109.7, 24.4], [36.0, 110.1, 24.3], [42.0, 110.7, 24.7], [48.0, 111.2, 25.2], [54.0, 111.5, 25.5], [60.0, 111.8, 25.9], [66.0, 112.0, 26.3], [72.0, 112.1, 26.6], [78.0, 112.3, 26.8], [84.0, 112.4, 27.0], [90.0, 112.6, 27.3], [96.0, 113.0, 27.6], [102.0, 113.4, 27.7], [108.0, 113.9, 27.7], [114.0, 114.5, 27.7], [120.0, 115.0, 27.7], [126.0, 115.8, 27.8], [132.0, 116.7, 27.9], [138.0, 117.6, 28.3], [144.0, 118.4, 28.9], [150.0, 119.3, 29.6], [156.0, 120.1, 30.3], [162.0, 121.0, 31.1], [168.0, 121.8, 31.7], [174.0, 122.8, 32.3], [180.0, 123.9, 32.7], [186.0, 125.1, 33.0], [192.0, 126.7, 33.3], [198.0, 127.3, 33.6], [204.0, 129.9, 33.7], [210.0, 131.7, 33.3], [216.0, 131.6, 33.0], [222.0, 131.3, 32.9], [228.0, 130.9, 32.8], [234.0, 130.6, 32.7], [240.0, 130.4, 32.7], [246.0, 130.2, 32.7], [252.0, 129.9, 32.7], [258.0, 129.5, 32.7], [264.0, 129.0, 32.7], [270.0, 128.5, 32.7], [276.0, 128.1, 32.7], [282.0, 127.8, 32.6], [288.0, 127.6, 32.5], [294.0, 127.4, 32.3], [300.0, 127.2, 32.1], [306.0, 127.2, 31.8], [312.0, 127.4, 31.4], [318.0, 127.8, 31.0], [324.0, 128.3, 31.0], [330.0, 128.4, 31.2], [336.0, 128.3, 31.4], [342.0, 128.2, 31.6], [348.0, 128.0, 31.7], [354.0, 127.6, 31.8], [360.0, 127.0, 31.7], [366.0, 126.5, 31.6], [372.0, 125.8, 31.5], [378.0, 124.8, 31.4], [384.0, 123.5, 31.3], [390.0, 122.2, 31.3], [396.0, 120.8, 31.2], [402.0, 119.7, 31.1], [408.0, 118.5, 31.0], [414.0, 117.2, 30.9], [420.0, 116.0, 30.8], [426.0, 114.9, 30.5], [432.0, 113.8, 30.1], [438.0, 112.9, 30.0], [444.0, 112.5, 30.0], [450.0, 112.2, 29.9], [456.0, 111.8, 29.8], [462.0, 111.6, 29.6], [468.0, 111.5, 29.4], [474.0, 111.4, 29.2], [480.0, 111.2, 28.8], [486.0, 111.0, 28.4], [492.0, 110.7, 28.2], [498.0, 110.3, 28.0], [504.0, 109.8, 27.9], [510.0, 109.6, 28.0], [516.0, 109.4, 28.2], [522.0, 109.1, 28.4], [528.0, 109.0, 28.7], [534.0, 108.9, 29.1], [540.0, 108.7, 29.5], [546.0, 108.3, 30.0], [552.0, 107.8, 30.5], [558.0, 107.2, 31.0], [564.0, 106.5, 31.6], [570.0, 105.6, 32.3], [576.0, 105.0, 32.9], [582.0, 104.5, 33.5], [588.0, 104.0, 34.0], [594.0, 103.5, 34.5], [600.0, 103.0, 34.7], [606.0, 102.5, 34.8], [612.0, 102.0, 34.9], [618.0, 101.8, 35.2], [624.0, 101.7, 35.6], [630.0, 101.8, 36.2], [636.0, 101.9, 36.8], [642.0, 102.3, 37.2], [648.0, 103.2, 37.3], [654.0, 104.1, 37.2], [660.0, 105.0, 37.0], [666.0, 105.9, 36.7], [672.0, 106.7, 36.4], [678.0, 107.3, 36.1], [684.0, 108.0, 35.9], [690.0, 108.7, 35.8], [696.0, 109.4, 35.7], [702.0, 110.1, 35.7]]",s197108,c2,40
"[[0.0, 144.6, 17.7], [6.0, 143.0, 18.0], [12.0, 141.6, 18.4], [18.0, 140.1, 18.8], [24.0, 138.5, 19.2], [30.0, 137.0, 19.5], [36.0, 135.3, 19.9], [42.0, 133.6, 20.3], [48.0, 132.1, 21.2], [54.0, 130.5, 22.0], [60.0, 129.0, 22.8], [66.0, 127.5, 23.5], [72.0, 125.7, 24.4], [78.0, 124.0, 25.3], [84.0, 122.5, 26.1], [90.0, 121.0, 26.9], [96.0, 120.3, 27.3], [102.0, 119.7, 27.5], [108.0, 119.2, 27.6], [114.0, 118.8, 27.6], [120.0, 118.5, 27.7], [126.0, 117.6, 27.7], [132.0, 116.8, 27.7], [138.0, 116.0, 27.6], [144.0, 115.2, 27.4], [150.0, 114.4, 27.2], [156.0, 114.0, 27.3], [162.0, 113.8, 27.4], [168.0, 113.7, 27.8], [174.0, 113.5, 28.2], [180.0, 113.2, 28.9], [186.0, 113.0, 29.7], [192.0, 112.8, 30.3], [198.0, 112.7, 31.0], [204.0, 113.1, 31.9], [210.0, 113.9, 32.9], [216.0, 115.1, 34.0], [222.0, 116.9, 35.5], [228.0, 118.7, 37.0], [234.0, 120.6, 38.4], [240.0, 122.8, 40.0], [246.0, 125.2, 41.5], [252.0, 128.1, 42.9], [258.0, 131.0, 44.0], [264.0, 134.3, 44.8], [270.0, 137.8, 45.2], [276.0, 141.7, 45.5], [282.0, 145.2, 45.8], [288.0, 149.3, 45.9]]",s196407,c3,41
"[[0.0, 128.0, 11.0], [6.0, 127.0, 11.5], [12.0, 126.0, 12.1], [18.0, 124.7, 12.5], [24.0, 123.5, 12.9], [30.0, 121.8, 13.2], [36.0, 120.4, 13.7], [42.0, 119.4, 13.9], [48.0, 118.4, 14.4], [54.0, 117.3, 14.7], [60.0, 115.9, 15.0], [66.0, 114.6, 15.3], [72.0, 113.1, 15.8], [78.0, 112.7, 16.8], [84.0, 112.5, 17.8], [90.0, 111.0, 18.1], [96.0, 110.7, 18.7], [102.0, 110.1, 19.5], [108.0, 109.5, 20.2], [114.0, 109.1, 20.7], [120.0, 108.5, 21.3], [126.0, 108.0, 21.8], [132.0, 107.7, 22.6], [138.0, 108.0, 23.1]]",s196306,c2,42
"[[0.0, 129.2, 21.8], [6.0, 128.4, 22.4], [12.0, 127.7, 23.2], [18.0, 127.1, 24.1], [24.0, 126.6, 25.0], [30.0, 126.2, 25.6], [36.0, 125.7, 26.3], [42.0, 125.2, 26.8], [48.0, 124.6, 27.2], [54.0, 124.5, 28.1], [60.0, 124.7, 28.8], [66.0, 125.1, 29.5], [72.0, 125.3, 30.1], [78.0, 126.2, 30.4], [84.0, 126.9, 30.5], [90.0, 127.6, 30.6], [96.0, 128.3, 30.6], [102.0, 128.9, 30.4], [108.0, 129.4, 30.0], [114.0, 129.9, 29.6], [120.0, 130.4, 29.2], [126.0, 131.0, 29.0], [132.0, 131.5, 28.7], [138.0, 131.1, 29.1], [144.0, 130.7, 29.5], [150.0, 130.1, 29.9], [156.0, 129.7, 30.6], [162.0, 129.1, 31.4], [168.0, 129.3, 32.6], [174.0, 129.6, 34.0], [180.0, 130.4, 36.0], [186.0, 131.6, 38.3], [192.0, 132.5, 41.0], [198.0, 133.7, 43.5], [204.0, 135.2, 46.2], [210.0, 138.0, 49.0], [216.0, 140.5, 52.0], [222.0, 146.0, 56.0]]",s198605,c2,43
"[[0.0, 140.6, 11.0], [6.0, 139.1, 11.0], [12.0, 137.8, 11.1], [18.0, 136.5, 11.2], [24.0, 135.2, 11.3], [30.0, 134.0, 11.5], [36.0, 132.6, 12.4], [42.0, 131.3, 13.3], [48.0, 130.1, 14.3], [54.0, 129.2, 14.9], [60.0, 127.7, 15.2], [66.0, 126.1, 15.5], [72.0, 124.7, 15.9], [78.0, 123.3, 16.3], [84.0, 122.0, 16.7], [90.0, 120.8, 17.4], [96.0, 119.7, 18.2], [102.0, 118.6, 19.1], [108.0, 117.5, 20.0], [114.0, 116.4, 21.0], [120.0, 115.4, 22.0], [126.0, 114.4, 22.8], [132.0, 113.3, 23.5], [138.0, 112.0, 24.0], [144.0, 111.2, 24.4], [150.0, 110.5, 25.0], [156.0, 109.9, 25.4], [162.0, 109.7, 26.0], [168.0, 109.6, 26.5], [174.0, 109.5, 27.3], [180.0, 109.9, 28.0], [186.0, 110.3, 28.5], [192.0, 110.9, 28.8], [198.0, 111.5, 29.3], [204.0, 112.4, 30.0], [210.0, 113.8, 31.3], [216.0, 116.0, 32.8], [222.0, 118.5, 34.5], [228.0, 121.0, 36.4], [234.0, 123.9, 38.0], [240.0, 126.0, 40.0], [246.0, 128.0, 42.5], [252.0, 129.9, 44.8]]",s196301,c2,44
"[[0.0, 130.7, 13.2], [6.0, 129.4, 13.3], [12.0, 128.2, 13.7], [18.0, 127.5, 14.0], [24.0, 127.0, 14.5], [30.0, 126.6, 15.0], [36.0, 126.2, 15.2], [42.0, 125.7, 15.0], [48.0, 124.9, 14.8], [54.0, 124.0, 14.6], [60.0, 123.2, 14.5], [66.0, 122.2, 14.3], [72.0, 121.2, 14.2], [78.0, 120.2, 14.2], [84.0, 119.7, 14.0], [90.0, 119.8, 14.2], [96.0, 119.5, 14.6], [102.0, 119.0, 14.9], [108.0, 118.8, 15.0], [114.0, 118.8, 15.6], [120.0, 118.8, 16.2], [126.0, 118.1, 17.0], [132.0, 118.0, 17.8], [138.0, 118.0, 18.6], [144.0, 117.9, 19.4], [150.0, 117.6, 20.4], [156.0, 117.5, 21.3], [162.0, 117.5, 22.0], [168.0, 117.5, 22.6], [174.0, 117.7, 23.1], [180.0, 117.9, 23.6], [186.0, 118.2, 23.8], [192.0, 118.6, 24.0], [198.0, 119.2, 24.2], [204.0, 119.9, 24.5], [210.0, 120.4, 24.7], [216.0, 120.9, 24.9], [222.0, 121.1, 25.0], [228.0, 121.2, 25.2], [234.0, 121.2, 25.5], [240.0, 121.0, 25.6], [246.0, 120.3, 25.7], [252.0, 119.8, 26.0], [258.0, 119.8, 26.6], [264.0, 120.1, 27.8], [270.0, 120.3, 29.1], [276.0, 121.0, 31.3], [282.0, 121.4, 34.2], [288.0, 122.5, 36.9], [294.0, 124.5, 39.2], [300.0, 127.7, 41.0], [306.0, 130.6, 43.1], [312.0, 134.0, 45.0], [318.0, 138.0, 47.1], [324.0, 144.3, 48.7], [330.0, 151.9, 48.9], [336.0, 155.0, 48.6], [342.0, 158.5, 48.5], [348.0, 162.0, 48.3], [354.0, 165.8, 48.0], [360.0, 167.4, 48.0], [366.0, 168.9, 48.2], [372.0, 171.3, 48.4], [378.0, 173.1, 48.9], [384.0, 175.6, 49.3]]",s199509,c2,45
"[[0.0, 141.0, 12.0], [6.0, 140.0, 13.0], [12.0, 138.8, 14.2], [18.0, 137.1, 15.5], [24.0, 135.2, 16.7], [30.0, 133.6, 17.8], [36.0, 132.1, 18.9], [42.0, 130.5, 20.3], [48.0, 128.8, 21.2], [54.0, 126.8, 22.0], [60.0, 124.9, 22.1], [66.0, 123.2, 21.8], [72.0, 122.0, 21.7], [78.0, 121.0, 21.8], [84.0, 120.0, 22.2], [90.0, 118.8, 22.3], [96.0, 118.0, 22.6], [102.0, 118.0, 23.5], [108.0, 118.9, 24.3], [114.0, 119.5, 25.0], [120.0, 120.1, 25.7], [126.0, 120.8, 26.4], [132.0, 121.7, 27.2], [138.0, 122.7, 27.7], [144.0, 123.9, 28.2], [150.0, 125.2, 28.6], [156.0, 126.6, 28.7], [162.0, 128.0, 29.1], [168.0, 129.5, 29.2], [174.0, 130.9, 29.9], [180.0, 132.5, 30.7], [186.0, 134.3, 31.0], [192.0, 135.3, 31.3], [198.0, 136.0, 31.4], [204.0, 136.5, 31.6], [210.0, 137.0, 31.7], [216.0, 137.1, 31.8], [222.0, 137.0, 32.1], [228.0, 137.0, 32.6], [234.0, 136.9, 33.6], [240.0, 136.9, 34.6], [246.0, 137.1, 35.9], [252.0, 138.1, 37.4], [258.0, 139.4, 39.3], [264.0, 141.5, 40.9], [270.0, 144.1, 43.1], [276.0, 147.2, 45.7], [282.0, 150.6, 47.7], [288.0, 155.7, 49.8], [294.0, 161.0, 51.5]]",s197807,c2,46
"[[0.0, 123.0, 16.0], [6.0, 121.3, 16.1], [12.0, 120.5, 16.2], [18.0, 119.7, 16.2], [24.0, 118.9, 16.2], [30.0, 117.9, 16.0], [36.0, 116.9, 15.9], [42.0, 116.0, 16.1], [48.0, 115.0, 16.2], [54.0, 113.9, 16.4], [60.0, 112.9, 17.0], [66.0, 112.1, 17.8], [72.0, 111.4, 18.5], [78.0, 110.9, 19.2], [84.0, 110.3, 20.6], [90.0, 109.7, 22.0], [96.0, 109.3, 23.0], [102.0, 108.7, 24.3], [108.0, 108.4, 25.4], [114.0, 108.8, 26.9], [120.0, 108.9, 27.4], [126.0, 109.3, 28.7], [132.0, 109.7, 29.2], [138.0, 110.5, 30.0], [144.0, 111.2, 30.5], [150.0, 111.8, 31.2], [156.0, 112.6, 32.2], [162.0, 113.7, 32.9], [168.0, 114.9, 34.0], [174.0, 115.5, 35.5], [180.0, 115.8, 36.6], [186.0, 115.8, 38.5], [192.0, 115.3, 39.2], [198.0, 114.8, 40.1], [204.0, 114.0, 41.2], [210.0, 113.5, 42.2], [216.0, 112.6, 43.1], [222.0, 112.2, 43.5], [228.0, 114.2, 44.4], [234.0, 116.0, 45.0], [240.0, 120.8, 46.0]]",s196107,c3,47
"[[0.0, 129.2, 9.8], [6.0, 128.2, 10.3], [12.0, 127.2, 10.9], [18.0, 126.1, 11.5], [24.0, 124.9, 12.2], [30.0, 123.9, 12.9], [36.0, 122.9, 13.5], [42.0, 121.9, 14.1], [48.0, 121.1, 14.9], [54.0, 120.5, 15.7], [60.0, 119.8, 16.3], [66.0, 118.9, 16.8], [72.0, 118.0, 17.2], [78.0, 117.3, 17.6], [84.0, 116.2, 18.1], [90.0, 115.2, 18.5], [96.0, 114.7, 19.0], [102.0, 114.2, 19.4], [108.0, 113.9, 19.9], [114.0, 114.1, 20.5], [120.0, 114.4, 21.1], [126.0, 114.8, 22.0], [132.0, 115.2, 23.0], [138.0, 115.7, 24.0], [144.0, 116.2, 25.2], [150.0, 116.9, 26.6], [156.0, 117.8, 28.0], [162.0, 118.9, 29.7], [168.0, 120.2, 32.2], [174.0, 121.9, 34.9], [180.0, 124.2, 37.9], [186.0, 128.2, 40.0]]",s199910,c2,48
"[[0.0, 103.0, 24.5], [6.0, 102.0, 25.4], [12.0, 101.0, 26.0], [18.0, 100.4, 26.4], [24.0, 99.8, 26.6], [30.0, 98.9, 27.3], [36.0, 99.2, 27.8], [42.0, 99.6, 28.5], [48.0, 100.0, 29.0], [54.0, 100.3, 29.7], [60.0, 101.0, 30.7], [66.0, 102.0, 32.0], [72.0, 103.6, 33.4], [78.0, 105.6, 35.3], [84.0, 107.8, 37.8], [90.0, 110.1, 40.1], [96.0, 112.5, 44.0], [102.0, 114.0, 48.5], [108.0, 115.0, 53.0]]",s196907,c3,49
"[[0.0, 144.5, 13.0], [6.0, 143.0, 13.3], [12.0, 141.5, 13.5], [18.0, 140.0, 13.8], [24.0, 138.5, 14.0], [30.0, 137.0, 14.3], [36.0, 135.5, 14.5], [42.0, 134.3, 14.7], [48.0, 133.0, 15.0], [54.0, 132.0, 15.5], [60.0, 131.0, 16.0], [66.0, 130.0, 16.5], [72.0, 129.2, 17.0], [78.0, 128.3, 17.7], [84.0, 127.4, 18.4], [90.0, 126.6, 19.1], [96.0, 125.9, 19.7], [102.0, 125.3, 20.4], [108.0, 124.6, 21.2], [114.0, 123.3, 21.8], [120.0, 122.2, 22.4], [126.0, 120.7, 23.2], [132.0, 119.5, 23.8], [138.0, 117.7, 24.5], [144.0, 116.7, 25.1], [150.0, 115.8, 25.8], [156.0, 115.1, 26.6], [162.0, 114.9, 27.4], [168.0, 115.2, 28.4], [174.0, 116.0, 29.4], [180.0, 117.9, 30.3], [186.0, 118.6, 31.3], [192.0, 120.0, 32.6], [198.0, 121.4, 34.0], [204.0, 122.8, 35.4], [210.0, 123.3, 36.7], [216.0, 125.2, 39.2], [222.0, 126.8, 41.6], [228.0, 127.1, 43.5], [234.0, 127.2, 45.5], [240.0, 128.0, 48.0], [246.0, 129.5, 50.5], [252.0, 132.0, 53.0], [258.0, 136.5, 56.5], [264.0, 142.2, 60.9]]",s196904,c3,50
"[[0.0, 114.6, 33.3], [6.0, 117.2, 33.2], [12.0, 119.3, 33.2], [18.0, 120.8, 32.9], [24.0, 121.9, 32.5], [30.0, 122.8, 32.0], [36.0, 123.8, 31.4], [42.0, 124.9, 30.8], [48.0, 126.0, 30.4], [54.0, 127.1, 30.3], [60.0, 128.2, 30.5], [66.0, 129.0, 31.1], [72.0, 130.1, 31.8], [78.0, 131.2, 32.6], [84.0, 132.7, 33.9], [90.0, 134.8, 35.5], [96.0, 137.5, 37.4], [102.0, 141.0, 39.1], [108.0, 145.3, 40.4], [114.0, 150.0, 41.5], [120.0, 155.0, 42.0], [126.0, 160.0, 43.0], [132.0, 164.0, 46.0], [138.0, 166.0, 48.0], [144.0, 169.0, 49.0], [150.0, 172.0, 49.0]]",s199811,c2,51
"[[0.0, 123.9, 27.8], [6.0, 124.4, 27.8], [12.0, 124.8, 27.8], [18.0, 125.2, 27.9], [24.0, 125.7, 28.0], [30.0, 126.3, 28.1], [36.0, 126.9, 28.3], [42.0, 127.6, 28.5], [48.0, 128.2, 28.9], [54.0, 128.7, 29.3], [60.0, 129.0, 29.5], [66.0, 129.3, 29.7], [72.0, 129.7, 29.9], [78.0, 130.0, 30.1], [84.0, 130.3, 30.3], [90.0, 130.6, 30.6], [96.0, 130.9, 30.9], [102.0, 131.3, 31.2], [108.0, 131.6, 31.6], [114.0, 131.7, 32.0], [120.0, 131.7, 32.3], [126.0, 131.4, 32.5], [132.0, 130.7, 32.7], [138.0, 130.1, 32.8], [144.0, 129.5, 32.8], [150.0, 128.8, 32.6], [156.0, 128.0, 31.9], [162.0, 127.0, 31.0], [168.0, 126.1, 30.4], [174.0, 125.3, 29.9], [180.0, 124.3, 29.8], [186.0, 123.4, 29.7], [192.0, 123.0, 30.5], [198.0, 123.5, 31.3], [204.0, 124.4, 32.2], [210.0, 125.3, 33.0], [216.0, 126.1, 33.4], [222.0, 127.0, 33.7], [228.0, 128.3, 34.2], [234.0, 129.9, 34.7], [240.0, 130.9, 35.2], [246.0, 132.2, 35.8], [252.0, 135.6, 37.1], [258.0, 139.6, 38.9], [264.0, 142.6, 40.8], [270.0, 145.5, 43.2], [276.0, 148.3, 47.4], [282.0, 151.0, 54.2]]",s195408,c2,52
"[[0.0, 159.0, 14.0], [6.0, 157.2, 14.1], [12.0, 155.2, 14.2], [18.0, 153.4, 14.2], [24.0, 151.8, 14.1], [30.0, 150.4, 14.1], [36.0, 149.2, 14.1], [42.0, 148.0, 14.3], [48.0, 146.6, 14.6], [54.0, 144.9, 14.7], [60.0, 143.0, 14.9], [66.0, 141.4, 15.1], [72.0, 140.0, 15.3], [78.0, 138.6, 15.2], [84.0, 137.3, 14.9], [90.0, 136.2, 14.7], [96.0, 135.1, 14.6], [102.0, 133.9, 14.6], [108.0, 132.5, 14.6], [114.0, 130.9, 15.0], [120.0, 129.3, 15.5], [126.0, 127.7, 15.9], [132.0, 126.3, 16.4], [138.0, 125.0, 17.0], [144.0, 123.7, 17.8], [150.0, 122.5, 18.6], [156.0, 121.5, 19.1], [162.0, 120.6, 19.4], [168.0, 119.9, 19.8], [174.0, 119.4, 20.2], [180.0, 119.1, 20.5], [186.0, 118.8, 20.8], [192.0, 118.6, 21.1], [198.0, 118.3, 21.5], [204.0, 117.9, 21.7], [210.0, 117.4, 21.9], [216.0, 116.8, 22.2], [222.0, 116.1, 22.5], [228.0, 115.3, 22.9], [234.0, 114.3, 23.3], [240.0, 113.3, 23.6], [246.0, 112.1, 23.9], [252.0, 111.0, 24.2], [258.0, 109.9, 24.4], [264.0, 108.8, 24.7], [270.0, 107.8, 25.2], [276.0, 106.9, 25.7], [282.0, 106.1, 26.4], [288.0, 105.3, 27.0], [294.0, 104.5, 27.7], [300.0, 103.9, 28.6], [306.0, 103.3, 29.8], [312.0, 102.8, 31.0], [318.0, 102.2, 32.3], [324.0, 102.0, 33.7], [330.0, 101.3, 35.2], [336.0, 101.0, 36.7], [342.0, 100.6, 38.0], [348.0, 100.1, 39.2], [354.0, 99.6, 40.4], [360.0, 99.5, 41.2], [366.0, 99.6, 42.0], [372.0, 99.9, 42.8], [378.0, 100.1, 43.4], [384.0, 101.0, 44.0], [390.0, 102.4, 44.5], [396.0, 104.1, 44.9], [402.0, 106.0, 45.4], [408.0, 107.7, 45.7], [414.0, 108.9, 46.0], [420.0, 110.0, 46.7]]",s199606,c3,53
"[[0.0, 146.0, 9.8], [6.0, 143.7, 10.2], [12.0, 141.0, 11.0], [18.0, 138.8, 12.0], [24.0, 136.1, 12.7], [30.0, 133.4, 13.1], [36.0, 131.3, 13.7], [42.0, 129.0, 14.2], [48.0, 127.1, 14.9], [54.0, 125.2, 15.6], [60.0, 123.1, 16.4], [66.0, 121.6, 16.5], [72.0, 119.9, 17.0], [78.0, 118.2, 17.5], [84.0, 116.5, 18.0], [90.0, 115.1, 18.6], [96.0, 113.9, 19.4], [102.0, 112.3, 20.3], [108.0, 110.6, 21.4], [114.0, 108.9, 22.5], [120.0, 107.4, 23.6], [126.0, 106.0, 24.5], [132.0, 104.7, 25.4], [138.0, 104.2, 26.4], [144.0, 103.6, 27.5], [150.0, 103.2, 28.3], [156.0, 102.5, 29.2], [162.0, 102.0, 30.0], [168.0, 101.7, 30.7], [174.0, 101.4, 31.2], [180.0, 101.6, 32.2], [186.0, 101.9, 33.6], [192.0, 102.4, 35.0], [198.0, 103.0, 36.7], [204.0, 103.9, 38.3], [210.0, 105.5, 40.2], [216.0, 108.1, 42.1], [222.0, 111.0, 44.1], [228.0, 114.0, 46.0], [234.0, 118.0, 47.0], [240.0, 123.0, 48.0], [246.0, 128.0, 49.0], [252.0, 133.0, 51.0], [258.0, 136.0, 54.0], [264.0, 137.5, 57.5], [270.0, 137.5, 58.5], [276.0, 138.0, 59.5], [282.0, 139.0, 59.8], [288.0, 140.0, 60.0], [294.0, 141.0, 60.5]]",s199602,c3,54
"[[0.0, 102.1, 11.7], [6.0, 102.3, 12.1], [12.0, 102.8, 12.6], [18.0, 103.3, 13.2], [24.0, 103.9, 13.8], [30.0, 104.7, 14.3], [36.0, 105.5, 14.8], [42.0, 106.3, 15.3], [48.0, 107.1, 16.1], [54.0, 107.8, 17.1], [60.0, 108.2, 18.1], [66.0, 108.7, 19.3], [72.0, 109.5, 20.7], [78.0, 110.2, 22.1], [84.0, 111.0, 23.3], [90.0, 111.7, 24.7], [96.0, 112.9, 26.9], [102.0, 114.6, 29.5], [108.0, 116.7, 32.0], [114.0, 119.5, 34.5], [120.0, 123.1, 37.1], [126.0, 127.6, 39.7], [132.0, 132.9, 41.9]]",s195512,c3,55
"[[0.0, 126.0, 14.8], [6.0, 124.3, 14.9], [12.0, 122.6, 15.1], [18.0, 121.0, 15.3], [24.0, 119.4, 15.6], [30.0, 117.7, 16.1], [36.0, 116.0, 16.8], [42.0, 114.6, 17.8], [48.0, 113.1, 18.9], [54.0, 111.7, 19.6], [60.0, 110.0, 20.3], [66.0, 108.3, 21.3], [72.0, 107.2, 22.1], [78.0, 106.3, 22.7], [84.0, 105.5, 23.7], [90.0, 105.6, 24.8], [96.0, 106.1, 26.3], [102.0, 107.0, 27.7], [108.0, 108.0, 29.0], [114.0, 109.1, 30.2], [120.0, 110.4, 31.5], [126.0, 111.5, 32.5], [132.0, 112.9, 33.4], [138.0, 114.4, 34.1], [144.0, 116.5, 34.9], [150.0, 119.3, 35.8], [156.0, 123.0, 36.8], [162.0, 126.8, 37.7], [168.0, 130.6, 38.3], [174.0, 134.4, 38.8], [180.0, 138.1, 39.2], [186.0, 141.4, 39.6], [192.0, 144.7, 39.9], [198.0, 147.0, 40.1], [204.0, 149.3, 40.3], [210.0, 151.8, 40.5]]",s198107,c2,56
"[[0.0, 119.8, 11.5], [6.0, 118.0, 11.7], [12.0, 116.2, 11.9], [18.0, 114.3, 12.4], [24.0, 112.8, 13.0], [30.0, 110.5, 13.2], [36.0, 108.5, 13.4], [42.0, 106.7, 13.7], [48.0, 105.3, 13.7], [54.0, 103.4, 14.0], [60.0, 101.8, 14.5], [66.0, 100.3, 15.2], [72.0, 98.6, 15.2], [78.0, 97.1, 15.3], [84.0, 95.7, 15.8], [90.0, 94.3, 16.0], [96.0, 93.6, 16.1], [102.0, 92.5, 16.3], [108.0, 91.7, 16.6], [114.0, 90.9, 16.9]]",s196101,c3,57
"[[0.0, 132.8, 24.3], [6.0, 131.8, 24.2], [12.0, 130.8, 24.2], [18.0, 129.8, 24.2], [24.0, 128.8, 24.2], [30.0, 127.6, 24.4], [36.0, 126.3, 24.7], [42.0, 125.4, 25.0], [48.0, 124.5, 25.4], [54.0, 123.3, 26.1], [60.0, 122.2, 26.9], [66.0, 121.4, 27.6], [72.0, 120.7, 28.4], [78.0, 120.0, 29.5], [84.0, 119.5, 30.8], [90.0, 119.8, 32.0], [96.0, 120.8, 33.2], [102.0, 121.8, 34.2], [108.0, 122.8, 35.1], [114.0, 123.8, 35.9], [120.0, 125.0, 36.8], [126.0, 128.5, 38.8], [132.0, 132.9, 40.8], [138.0, 135.5, 41.9], [144.0, 138.0, 43.0], [150.0, 140.1, 44.1]]",s195010,c3,58
"[[0.0, 106.1, 22.8], [6.0, 105.5, 24.1], [12.0, 105.2, 25.3], [18.0, 104.8, 26.5], [24.0, 104.4, 27.9], [30.0, 104.1, 29.2], [36.0, 104.0, 29.9], [42.0, 103.9, 30.5], [48.0, 103.8, 31.5], [54.0, 103.7, 32.5], [60.0, 103.7, 33.6], [66.0, 103.9, 34.7], [72.0, 104.3, 35.8], [78.0, 105.0, 37.0], [84.0, 106.2, 38.1], [90.0, 107.7, 39.3], [96.0, 109.6, 40.4], [102.0, 112.0, 41.5], [108.0, 115.7, 43.1], [114.0, 119.5, 45.3], [120.0, 120.9, 48.7], [126.0, 120.6, 53.5]]",s195302,c2,59
"[[0.0, 147.0, 13.2], [6.0, 145.7, 13.7], [12.0, 144.8, 14.2], [18.0, 143.8, 14.6], [24.0, 142.7, 14.8], [30.0, 141.7, 14.9], [36.0, 140.8, 15.0], [42.0, 139.7, 15.1], [48.0, 139.0, 15.2], [54.0, 138.1, 15.3], [60.0, 137.4, 15.4], [66.0, 136.8, 15.7], [72.0, 136.2, 16.1], [78.0, 135.6, 16.7], [84.0, 134.9, 17.6], [90.0, 134.1, 18.5], [96.0, 133.4, 19.4], [102.0, 132.8, 20.0], [108.0, 132.4, 20.6], [114.0, 132.0, 21.4], [120.0, 131.8, 22.2], [126.0, 132.0, 22.9], [132.0, 131.8, 24.1], [138.0, 131.6, 25.4], [144.0, 131.4, 26.4], [150.0, 131.2, 27.1], [156.0, 130.9, 27.7], [162.0, 130.7, 28.4], [168.0, 130.6, 29.0], [174.0, 130.6, 29.5], [180.0, 130.8, 30.0], [186.0, 131.1, 30.6], [192.0, 131.7, 31.3], [198.0, 132.9, 32.8], [204.0, 134.3, 34.0], [210.0, 136.0, 35.2], [216.0, 138.1, 36.0], [222.0, 140.0, 37.1], [228.0, 141.0, 38.3], [234.0, 141.8, 39.1], [240.0, 143.0, 40.0]]",s199508,c2,60
"[[0.0, 109.0, 29.0], [6.0, 108.9, 30.2], [12.0, 107.7, 30.5], [18.0, 107.4, 31.2], [24.0, 106.4, 31.6], [30.0, 105.5, 31.9], [36.0, 104.5, 32.1], [42.0, 104.5, 33.0], [48.0, 104.6, 33.7], [54.0, 104.6, 35.0], [60.0, 105.3, 35.5], [66.0, 107.0, 36.8], [72.0, 109.2, 38.0], [78.0, 113.2, 40.3], [84.0, 117.2, 43.1], [90.0, 120.4, 46.5], [96.0, 122.3, 48.6], [102.0, 124.5, 50.1], [108.0, 126.0, 51.0], [114.0, 127.5, 52.5], [120.0, 128.6, 54.5], [126.0, 130.5, 56.0], [132.0, 128.5, 57.0], [138.0, 127.5, 58.0], [144.0, 126.5, 59.5], [150.0, 126.0, 61.0], [156.0, 125.5, 62.5]]",s200207,c2,61
"[[0.0, 161.0, 14.6], [6.0, 160.4, 14.4], [12.0, 160.2, 14.3], [18.0, 159.1, 14.1], [24.0, 158.5, 13.9], [30.0, 157.4, 13.7], [36.0, 156.4, 13.4], [42.0, 155.3, 13.2], [48.0, 154.1, 13.0], [54.0, 152.8, 12.8], [60.0, 151.7, 12.6], [66.0, 150.6, 12.4], [72.0, 149.3, 12.3], [78.0, 147.9, 12.3], [84.0, 146.6, 12.3], [90.0, 145.4, 12.3], [96.0, 144.6, 12.3], [102.0, 143.5, 12.3], [108.0, 141.9, 12.5], [114.0, 140.2, 12.9], [120.0, 138.5, 13.3], [126.0, 136.9, 13.7], [132.0, 135.3, 14.3], [138.0, 133.7, 14.9], [144.0, 132.3, 15.3], [150.0, 130.9, 15.8], [156.0, 128.8, 16.4], [162.0, 126.5, 17.0], [168.0, 124.5, 17.7], [174.0, 122.9, 18.4], [180.0, 121.9, 19.0], [186.0, 120.9, 19.6], [192.0, 119.7, 20.1], [198.0, 118.6, 20.6], [204.0, 117.8, 20.9], [210.0, 117.1, 21.2], [216.0, 116.3, 21.5], [222.0, 115.3, 21.9], [228.0, 114.2, 22.3], [234.0, 112.9, 23.0], [240.0, 111.5, 23.8], [246.0, 110.2, 24.7], [252.0, 109.0, 25.5], [258.0, 107.8, 26.3], [264.0, 106.6, 27.1], [270.0, 105.3, 27.8], [276.0, 103.8, 28.5], [282.0, 102.2, 29.2], [288.0, 101.0, 29.5], [294.0, 100.3, 29.8], [300.0, 99.9, 30.7], [306.0, 99.5, 31.8], [312.0, 99.2, 33.1], [318.0, 99.0, 34.4], [324.0, 99.4, 35.8], [330.0, 100.3, 37.2], [336.0, 101.4, 38.3], [342.0, 102.9, 39.3], [348.0, 105.2, 40.9], [354.0, 107.3, 42.3], [360.0, 108.5, 43.0], [366.0, 109.6, 43.7], [372.0, 110.6, 44.4]]",s195202,c2,62
"[[0.0, 128.7, 9.8], [6.0, 127.0, 10.4], [12.0, 125.3, 10.9], [18.0, 123.6, 11.4], [24.0, 122.0, 12.0], [30.0, 120.3, 12.4], [36.0, 118.7, 13.1], [42.0, 116.9, 13.7], [48.0, 115.3, 14.5], [54.0, 113.7, 15.1], [60.0, 112.3, 15.9], [66.0, 110.9, 16.7], [72.0, 109.6, 17.8], [78.0, 108.5, 19.0], [84.0, 107.7, 20.0], [90.0, 107.2, 20.9], [96.0, 107.0, 22.0], [102.0, 107.0, 23.2], [108.0, 107.3, 24.4], [114.0, 108.0, 26.0], [120.0, 109.5, 28.0], [126.0, 112.0, 30.2], [132.0, 115.4, 32.4], [138.0, 120.0, 35.0], [144.0, 125.0, 38.0], [150.0, 131.0, 41.2], [156.0, 137.5, 44.8], [162.0, 144.0, 49.0]]",s198706,c3,63
"[[0.0, 94.9, 17.3], [6.0, 94.6, 17.6], [12.0, 94.3, 17.9], [18.0, 94.1, 18.1], [24.0, 93.9, 18.3], [30.0, 93.5, 18.7], [36.0, 93.1, 19.1], [42.0, 92.4, 19.7], [48.0, 91.7, 20.4], [54.0, 91.0, 21.0], [60.0, 90.5, 21.5], [66.0, 89.8, 22.4], [72.0, 89.2, 23.3], [78.0, 89.1, 23.8], [84.0, 89.0, 24.3], [90.0, 88.9, 24.9], [96.0, 89.0, 25.8], [102.0, 89.6, 26.2], [108.0, 90.4, 26.3], [114.0, 91.1, 26.3], [120.0, 91.7, 26.2], [126.0, 92.5, 26.0], [132.0, 93.2, 25.4], [138.0, 93.5, 25.1], [144.0, 93.8, 24.7], [150.0, 93.9, 24.4], [156.0, 93.8, 24.1], [162.0, 93.2, 23.8], [168.0, 92.5, 23.6], [174.0, 92.0, 23.5], [180.0, 91.4, 23.4], [186.0, 90.5, 23.2], [192.0, 89.6, 23.1], [198.0, 88.9, 22.9], [204.0, 88.3, 22.4], [210.0, 87.8, 22.0], [216.0, 87.4, 21.4], [222.0, 87.1, 20.8], [228.0, 87.0, 20.1], [234.0, 87.0, 19.4], [240.0, 86.9, 18.7], [246.0, 86.9, 18.0]]",s196915,c2,64
"[[0.0, 127.4, 19.9], [6.0, 126.4, 20.5], [12.0, 125.2, 21.3], [18.0, 124.0, 22.3], [24.0, 122.9, 23.2], [30.0, 122.2, 24.3], [36.0, 121.4, 25.4], [42.0, 120.5, 26.7], [48.0, 120.0, 27.6], [54.0, 119.7, 28.0], [60.0, 119.5, 27.9], [66.0, 119.6, 28.0], [72.0, 119.6, 28.2], [78.0, 119.3, 28.3], [84.0, 119.0, 27.9], [90.0, 118.8, 27.4], [96.0, 118.3, 26.9], [102.0, 117.6, 26.6], [108.0, 117.0, 26.4], [114.0, 116.5, 26.3], [120.0, 115.6, 26.4], [126.0, 114.8, 26.6], [132.0, 113.9, 27.0], [138.0, 113.1, 27.4], [144.0, 112.4, 28.0], [150.0, 111.8, 28.6], [156.0, 111.2, 29.3], [162.0, 110.8, 30.0], [168.0, 110.3, 30.6], [174.0, 109.8, 31.2], [180.0, 109.2, 31.5], [186.0, 108.6, 31.8], [192.0, 107.8, 32.0], [198.0, 107.0, 32.4], [204.0, 106.2, 32.9], [210.0, 105.3, 33.6], [216.0, 104.8, 34.5], [222.0, 105.1, 35.6], [228.0, 105.6, 36.6], [234.0, 107.3, 37.5], [240.0, 109.3, 38.2], [246.0, 111.5, 39.0], [252.0, 114.0, 39.2], [258.0, 116.4, 39.2], [264.0, 118.6, 39.0], [270.0, 120.4, 38.6], [276.0, 121.7, 38.1], [282.0, 122.3, 37.5], [288.0, 122.5, 36.9], [294.0, 122.4, 36.4], [300.0, 122.4, 36.0], [306.0, 122.5, 35.8], [312.0, 122.8, 36.1], [318.0, 123.1, 36.7], [324.0, 123.6, 37.4], [330.0, 124.3, 38.0], [336.0, 125.2, 38.7], [342.0, 127.0, 39.0], [348.0, 128.9, 39.3], [354.0, 130.6, 39.8]]",s199305,c3,65
"[[0.0, 98.0, 15.9], [6.0, 97.0, 16.4], [12.0, 96.8, 16.7], [18.0, 96.7, 17.3], [24.0, 96.6, 18.5], [30.0, 96.4, 19.8], [36.0, 96.4, 20.7], [42.0, 96.4, 21.0], [48.0, 97.1, 21.3], [54.0, 97.6, 22.4], [60.0, 97.4, 23.1], [66.0, 97.8, 23.8], [72.0, 98.2, 24.4], [78.0, 98.7, 25.1], [84.0, 99.4, 26.1], [90.0, 99.8, 27.0], [96.0, 99.9, 27.8], [102.0, 100.1, 28.6], [108.0, 100.2, 29.4], [114.0, 100.2, 30.2], [120.0, 100.3, 31.2], [126.0, 101.0, 32.2], [132.0, 102.6, 33.4], [138.0, 104.8, 34.8], [144.0, 108.4, 36.8], [150.0, 112.6, 39.0], [156.0, 119.0, 41.5], [162.0, 128.5, 44.9], [168.0, 132.0, 48.0], [174.0, 135.0, 51.0]]",s199909,c2,66
"[[0.0, 130.1, 26.8], [6.0, 129.5, 26.9], [12.0, 128.8, 26.9], [18.0, 128.1, 27.0], [24.0, 127.2, 27.0], [30.0, 125.1, 27.0], [36.0, 122.7, 27.0], [42.0, 121.7, 26.7], [48.0, 120.7, 26.3], [54.0, 118.9, 26.2], [60.0, 117.2, 26.2], [66.0, 116.2, 26.3], [72.0, 115.3, 26.7], [78.0, 114.6, 27.7], [84.0, 113.9, 28.8], [90.0, 112.9, 29.6], [96.0, 111.9, 30.4], [102.0, 111.1, 31.5], [108.0, 110.7, 32.6], [114.0, 111.1, 33.5], [120.0, 111.9, 34.1], [126.0, 112.9, 34.5], [132.0, 113.8, 34.9], [138.0, 114.6, 35.1], [144.0, 115.4, 35.4], [150.0, 116.2, 35.9], [156.0, 117.0, 36.4], [162.0, 118.0, 36.7], [168.0, 119.3, 37.0], [174.0, 121.0, 37.1], [180.0, 123.0, 37.1], [186.0, 125.4, 36.9], [192.0, 128.3, 36.5], [198.0, 132.2, 36.0], [204.0, 136.0, 35.6], [210.0, 138.9, 35.2], [216.0, 141.9, 34.9], [222.0, 145.3, 34.4], [228.0, 149.2, 34.9], [234.0, 151.9, 36.2], [240.0, 155.1, 38.3], [246.0, 159.4, 40.5], [252.0, 162.8, 43.7], [258.0, 162.4, 48.3], [264.0, 159.1, 53.0], [270.0, 153.5, 57.3]]",s195909,c3,67
"[[0.0, 159.5, 12.9], [6.0, 157.7, 13.3], [12.0, 155.8, 13.7], [18.0, 153.9, 14.0], [24.0, 152.0, 14.3], [30.0, 150.1, 14.6], [36.0, 148.1, 14.9], [42.0, 146.1, 15.0], [48.0, 144.2, 15.1], [54.0, 142.2, 15.2], [60.0, 140.2, 15.2], [66.0, 138.2, 15.3], [72.0, 136.2, 15.3], [78.0, 134.3, 15.3], [84.0, 132.3, 15.3], [90.0, 130.2, 15.6], [96.0, 128.0, 16.0], [102.0, 125.9, 16.3], [108.0, 123.8, 16.6], [114.0, 122.1, 16.9], [120.0, 120.6, 17.3], [126.0, 119.2, 17.7], [132.0, 117.8, 18.3], [138.0, 116.3, 19.0], [144.0, 114.9, 19.7], [150.0, 113.7, 20.4], [156.0, 112.5, 21.0], [162.0, 111.3, 21.6], [168.0, 110.2, 22.1], [174.0, 109.5, 22.7], [180.0, 109.3, 23.3], [186.0, 109.1, 23.7], [192.0, 109.0, 24.0], [198.0, 108.9, 24.4], [204.0, 108.7, 24.9], [210.0, 108.5, 25.3], [216.0, 108.2, 25.8], [222.0, 107.9, 26.3], [228.0, 107.6, 26.9], [234.0, 107.3, 27.4], [240.0, 107.0, 28.0], [246.0, 106.7, 28.5], [252.0, 106.4, 29.3], [258.0, 106.7, 30.5], [264.0, 107.6, 31.7], [270.0, 108.6, 32.9], [276.0, 109.7, 34.0], [282.0, 110.8, 35.0], [288.0, 112.0, 35.9], [294.0, 113.2, 36.6], [300.0, 114.8, 37.0], [306.0, 117.0, 37.1], [312.0, 119.9, 37.1], [318.0, 123.0, 37.5], [324.0, 126.0, 38.3], [330.0, 128.9, 39.7], [336.0, 131.9, 41.9], [342.0, 135.1, 44.7], [348.0, 138.5, 47.5], [354.0, 142.2, 50.2], [360.0, 146.2, 52.8], [366.0, 150.6, 55.2], [372.0, 155.5, 57.3], [378.0, 160.6, 58.7], [384.0, 168.0, 60.4], [390.0, 174.0, 61.1], [396.0, 177.0, 62.5], [402.0, 182.5, 62.6], [408.0, 187.0, 62.9]]",s196606,c3,68
"[[0.0, 96.5, 15.3], [6.0, 96.2, 16.0], [12.0, 95.8, 16.6], [18.0, 95.4, 17.2], [24.0, 95.0, 17.7], [30.0, 94.3, 18.6], [36.0, 93.7, 19.4], [42.0, 93.2, 20.0], [48.0, 92.4, 20.8], [54.0, 91.0, 22.0], [60.0, 89.2, 23.0], [66.0, 87.4, 23.6], [72.0, 85.8, 23.9], [78.0, 84.5, 24.0], [84.0, 83.5, 23.9], [90.0, 82.6, 23.8], [96.0, 82.1, 23.9], [102.0, 81.5, 24.0], [108.0, 80.4, 23.9], [114.0, 79.5, 24.2]]",s197006,c3,69
"[[0.0, 127.3, 24.4], [6.0, 127.6, 25.2], [12.0, 127.7, 25.9], [18.0, 127.6, 26.6], [24.0, 127.2, 27.4], [30.0, 126.6, 28.1], [36.0, 125.8, 28.7], [42.0, 124.9, 29.1], [48.0, 123.9, 29.4], [54.0, 122.8, 29.7], [60.0, 121.0, 30.1], [66.0, 119.3, 30.3], [72.0, 118.5, 30.3], [78.0, 117.8, 30.3], [84.0, 116.8, 30.3], [90.0, 116.2, 30.3], [96.0, 116.0, 30.3], [102.0, 115.9, 30.3], [108.0, 115.7, 30.3], [114.0, 115.6, 30.3], [120.0, 115.3, 30.3], [126.0, 114.9, 30.4], [132.0, 114.3, 30.7], [138.0, 113.7, 31.0], [144.0, 113.3, 31.2], [150.0, 113.0, 31.4], [156.0, 112.0, 33.0], [162.0, 111.6, 34.6], [168.0, 112.5, 36.3], [174.0, 114.0, 37.8], [180.0, 116.3, 39.9], [186.0, 119.5, 42.3], [192.0, 123.3, 44.6], [198.0, 128.1, 47.0], [204.0, 134.0, 49.5], [210.0, 140.1, 52.1], [216.0, 145.9, 54.8], [222.0, 151.4, 57.5], [228.0, 153.2, 58.7], [234.0, 155.1, 59.3], [240.0, 157.1, 59.9], [246.0, 159.0, 60.5]]",s195007,c2,70
"[[0.0, 142.5, 12.5], [6.0, 141.0, 13.0], [12.0, 139.5, 13.5], [18.0, 137.9, 13.8], [24.0, 136.3, 14.3], [30.0, 134.7, 14.7], [36.0, 133.2, 15.4], [42.0, 131.6, 16.1], [48.0, 130.4, 16.6], [54.0, 129.5, 17.5], [60.0, 128.4, 18.3], [66.0, 127.7, 18.9], [72.0, 126.7, 19.4], [78.0, 125.8, 20.2], [84.0, 125.1, 21.0], [90.0, 124.9, 22.0], [96.0, 124.8, 23.1], [102.0, 124.8, 24.2], [108.0, 125.1, 25.3], [114.0, 125.7, 26.3], [120.0, 126.3, 27.2], [126.0, 127.4, 27.8], [132.0, 128.7, 28.2], [138.0, 129.9, 28.2], [144.0, 131.3, 28.3], [150.0, 132.9, 28.5], [156.0, 134.9, 28.9], [162.0, 137.1, 29.0], [168.0, 139.2, 29.7], [174.0, 141.0, 30.6], [180.0, 142.8, 32.0], [186.0, 144.4, 33.4], [192.0, 145.9, 34.9], [198.0, 147.5, 36.4], [204.0, 149.2, 37.8], [210.0, 150.7, 39.4], [216.0, 152.0, 41.0], [222.0, 152.8, 42.1], [228.0, 152.9, 43.5], [234.0, 151.4, 42.8], [240.0, 151.8, 42.0], [246.0, 152.4, 41.9], [252.0, 153.0, 41.8], [258.0, 153.7, 41.7], [264.0, 154.3, 41.6]]",s197607,c3,71
"[[0.0, 96.0, 12.7], [6.0, 95.7, 13.3], [12.0, 95.5, 14.0], [18.0, 95.3, 14.8], [24.0, 95.2, 15.5], [30.0, 95.2, 16.3], [36.0, 95.2, 16.9], [42.0, 95.3, 17.3], [48.0, 95.6, 17.7], [54.0, 95.8, 18.1], [60.0, 95.9, 18.5], [66.0, 96.0, 18.9], [72.0, 96.1, 19.2], [78.0, 96.2, 19.4], [84.0, 96.3, 19.7], [90.0, 96.5, 20.1], [96.0, 97.0, 21.2], [102.0, 97.5, 22.7], [108.0, 97.6, 24.2], [114.0, 97.4, 25.7], [120.0, 96.7, 27.3], [126.0, 95.6, 28.8], [132.0, 95.4, 29.7], [138.0, 95.9, 30.3], [144.0, 97.0, 31.0], [150.0, 98.1, 31.7], [156.0, 99.2, 32.1], [162.0, 100.4, 32.5], [168.0, 101.8, 33.1], [174.0, 103.3, 33.7], [180.0, 104.6, 33.7], [186.0, 105.8, 33.7], [192.0, 106.5, 34.3], [198.0, 106.7, 34.9], [204.0, 106.7, 35.6], [210.0, 106.7, 36.3], [216.0, 106.5, 37.0], [222.0, 106.5, 37.6], [228.0, 107.1, 38.2], [234.0, 107.9, 39.2], [240.0, 108.7, 40.6], [246.0, 109.5, 42.0]]",s196601,c3,72
"[[0.0, 117.6, 28.2], [6.0, 117.8, 28.3], [12.0, 118.0, 28.4], [18.0, 118.3, 28.8], [24.0, 118.6, 29.2], [30.0, 118.4, 30.4], [36.0, 118.2, 30.9], [42.0, 118.2, 31.1], [48.0, 118.0, 31.8], [54.0, 118.0, 32.5], [60.0, 118.0, 33.3], [66.0, 117.8, 34.4], [72.0, 117.2, 35.2], [78.0, 116.8, 35.5], [84.0, 116.4, 36.3], [90.0, 116.0, 37.1], [96.0, 115.9, 38.5], [102.0, 115.9, 40.2], [108.0, 116.1, 42.8], [114.0, 116.2, 46.0], [120.0, 117.6, 49.8]]",s200310,c2,73
"[[0.0, 131.9, 14.7], [6.0, 129.9, 15.4], [12.0, 127.8, 16.2], [18.0, 125.3, 16.9], [24.0, 122.7, 17.3], [30.0, 120.4, 18.2], [36.0, 118.7, 18.7], [42.0, 117.1, 19.1], [48.0, 115.5, 19.5], [54.0, 114.1, 20.3], [60.0, 112.7, 21.1], [66.0, 111.3, 21.8], [72.0, 110.2, 22.3], [78.0, 109.5, 23.0], [84.0, 109.0, 23.4], [90.0, 108.7, 23.8], [96.0, 108.5, 24.1], [102.0, 108.3, 24.4], [108.0, 108.2, 24.8], [114.0, 107.9, 25.2], [120.0, 107.6, 25.6], [126.0, 107.2, 26.1], [132.0, 106.8, 26.9], [138.0, 106.2, 27.8], [144.0, 105.3, 28.8], [150.0, 104.4, 29.8], [156.0, 103.6, 30.8], [162.0, 102.7, 31.7], [168.0, 102.2, 32.7], [174.0, 102.2, 33.4], [180.0, 102.3, 34.0], [186.0, 102.5, 34.5], [192.0, 102.9, 34.9], [198.0, 103.4, 35.4], [204.0, 104.1, 35.8], [210.0, 104.9, 36.2], [216.0, 105.7, 36.7], [222.0, 106.8, 37.3], [228.0, 108.6, 38.3], [234.0, 110.4, 39.2], [240.0, 112.2, 40.2], [246.0, 115.2, 41.6], [252.0, 118.5, 42.9], [258.0, 123.0, 44.3], [264.0, 126.5, 44.5], [270.0, 130.0, 44.0], [276.0, 135.0, 44.0], [282.0, 139.0, 43.0]]",s199802,c3,74
"[[0.0, 162.0, 10.8], [6.0, 159.9, 11.5], [12.0, 157.7, 12.0], [18.0, 156.2, 12.3], [24.0, 154.8, 12.7], [30.0, 153.3, 13.2], [36.0, 151.8, 13.7], [42.0, 150.2, 14.1], [48.0, 148.6, 14.5], [54.0, 146.8, 14.5], [60.0, 145.6, 14.6], [66.0, 144.6, 14.7], [72.0, 143.4, 15.2], [78.0, 141.9, 15.7], [84.0, 140.4, 16.0], [90.0, 139.0, 16.2], [96.0, 137.8, 16.5], [102.0, 136.4, 16.7], [108.0, 135.1, 17.0], [114.0, 134.3, 17.7], [120.0, 133.5, 18.6], [126.0, 132.8, 19.6], [132.0, 131.5, 20.6], [138.0, 130.1, 21.9], [144.0, 128.7, 23.4], [150.0, 127.4, 24.8], [156.0, 126.0, 26.1], [162.0, 124.7, 27.5], [168.0, 123.3, 28.8], [174.0, 122.3, 29.9], [180.0, 121.6, 31.1], [186.0, 121.4, 32.2], [192.0, 121.5, 33.3], [198.0, 122.0, 34.3], [204.0, 123.3, 35.1], [210.0, 124.7, 35.9], [216.0, 126.2, 36.8], [222.0, 128.0, 37.4], [228.0, 129.7, 38.0], [234.0, 131.7, 38.4], [240.0, 133.7, 38.8], [246.0, 135.8, 39.0], [252.0, 137.8, 39.1], [258.0, 139.4, 39.1], [264.0, 140.7, 39.1], [270.0, 141.5, 38.9], [276.0, 141.5, 38.3], [282.0, 141.5, 37.3], [288.0, 141.1, 36.6], [294.0, 140.6, 36.1], [300.0, 139.8, 35.4], [306.0, 138.7, 34.6], [312.0, 137.6, 33.9], [318.0, 136.5, 33.4], [324.0, 135.8, 33.0], [330.0, 135.1, 33.0], [336.0, 134.2, 33.0], [342.0, 133.5, 33.2], [348.0, 132.9, 33.6], [354.0, 132.4, 34.2], [360.0, 132.0, 34.7], [366.0, 131.9, 34.9], [372.0, 131.8, 35.3], [378.0, 131.8, 35.6], [384.0, 131.8, 36.0], [390.0, 131.9, 36.4], [396.0, 132.0, 36.7], [402.0, 132.1, 37.1], [408.0, 132.3, 37.4], [414.0, 132.5, 37.9], [420.0, 132.7, 38.3], [426.0, 132.8, 38.9], [432.0, 133.3, 40.0], [438.0, 134.1, 41.2], [444.0, 134.6, 42.6], [450.0, 136.0, 44.0], [456.0, 137.9, 46.1], [462.0, 140.5, 48.3], [468.0, 143.2, 50.7], [474.0, 144.6, 53.2], [480.0, 146.0, 57.0], [486.0, 149.7, 59.5], [492.0, 154.5, 62.0], [498.0, 157.0, 65.5], [504.0, 160.0, 68.0], [510.0, 167.5, 69.0], [516.0, 175.1, 70.7]]",s200001,c3,75
"[[0.0, 123.8, 13.0], [6.0, 122.0, 13.0], [12.0, 119.0, 13.8], [18.0, 117.7, 14.2], [24.0, 116.5, 14.5], [30.0, 115.2, 14.4], [36.0, 114.0, 14.8], [42.0, 112.5, 15.2], [48.0, 111.0, 14.9], [54.0, 109.5, 14.7], [60.0, 108.0, 14.7], [66.0, 106.8, 15.0], [72.0, 105.7, 15.2], [78.0, 104.5, 15.1], [84.0, 103.2, 14.8], [90.0, 101.9, 14.7], [96.0, 100.5, 14.7], [102.0, 98.9, 15.1], [108.0, 97.3, 15.6], [114.0, 96.0, 15.9], [120.0, 94.8, 16.2], [126.0, 93.5, 16.4], [132.0, 92.2, 16.5], [138.0, 90.7, 16.3], [144.0, 89.4, 16.5], [150.0, 88.4, 17.3], [156.0, 87.5, 18.0], [162.0, 86.3, 18.0]]",s196002,c2,76
"[[0.0, 147.5, 13.5], [6.0, 146.4, 13.3], [12.0, 145.1, 13.1], [18.0, 144.0, 12.8], [24.0, 142.8, 12.6], [30.0, 141.6, 12.5], [36.0, 140.4, 12.4], [42.0, 139.2, 12.5], [48.0, 137.8, 12.7], [54.0, 136.2, 13.0], [60.0, 134.7, 13.3], [66.0, 133.3, 13.8], [72.0, 132.2, 14.3], [78.0, 131.1, 15.0], [84.0, 129.9, 15.6], [90.0, 128.8, 16.6], [96.0, 128.0, 17.4], [102.0, 127.2, 18.2], [108.0, 126.5, 19.1], [114.0, 125.7, 19.7], [120.0, 124.9, 20.3], [126.0, 124.3, 21.0], [132.0, 123.6, 21.8], [138.0, 123.2, 22.4], [144.0, 122.8, 23.0], [150.0, 122.8, 23.8], [156.0, 123.1, 24.7], [162.0, 123.2, 25.8], [168.0, 123.3, 27.0], [174.0, 123.8, 28.4], [180.0, 124.7, 29.8], [186.0, 126.0, 31.3], [192.0, 127.4, 32.6], [198.0, 129.6, 34.1], [204.0, 132.5, 35.9], [210.0, 134.9, 37.5], [216.0, 137.6, 38.9], [222.0, 140.5, 40.0], [228.0, 143.9, 41.3], [234.0, 146.3, 42.5], [240.0, 148.0, 43.7], [246.0, 149.7, 44.8], [252.0, 151.5, 45.1], [258.0, 155.0, 45.4], [264.0, 159.0, 45.2], [270.0, 163.0, 44.5], [276.0, 168.5, 43.6], [282.0, 176.0, 45.0]]",s198109,c3,77
"[[0.0, 96.4, 17.8], [6.0, 95.4, 18.6], [12.0, 94.2, 19.8], [18.0, 92.8, 20.9], [24.0, 91.2, 21.8], [30.0, 89.6, 22.8], [36.0, 88.0, 23.0], [42.0, 86.7, 23.2], [48.0, 85.9, 23.7], [54.0, 85.1, 24.3], [60.0, 84.3, 24.9], [66.0, 83.8, 25.4], [72.0, 83.2, 26.0], [78.0, 82.8, 26.4], [84.0, 82.2, 26.5], [90.0, 81.7, 26.7], [96.0, 81.1, 27.2], [102.0, 80.0, 27.9], [108.0, 78.6, 28.3], [114.0, 77.3, 28.5], [120.0, 76.0, 28.8], [126.0, 75.0, 29.4], [132.0, 74.3, 30.0], [138.0, 74.0, 30.5], [144.0, 73.7, 31.0], [150.0, 73.3, 31.9], [156.0, 73.7, 32.9]]",s200804,c2,78
"[[0.0, 158.2, 12.3], [6.0, 157.0, 12.4], [12.0, 155.8, 12.6], [18.0, 154.5, 12.9], [24.0, 153.2, 13.2], [30.0, 151.9, 13.5], [36.0, 150.7, 13.8], [42.0, 149.2, 14.1], [48.0, 147.9, 14.7], [54.0, 146.5, 15.2], [60.0, 145.2, 16.0], [66.0, 144.0, 16.8], [72.0, 142.8, 17.7], [78.0, 141.8, 19.0], [84.0, 141.1, 20.3], [90.0, 140.4, 21.7], [96.0, 140.0, 23.3], [102.0, 139.7, 24.6], [108.0, 139.4, 25.9], [114.0, 139.7, 27.3], [120.0, 140.2, 28.1], [126.0, 141.1, 28.9], [132.0, 142.2, 29.3], [138.0, 142.3, 29.7], [144.0, 142.3, 29.9], [150.0, 142.8, 29.9], [156.0, 143.2, 29.8], [162.0, 143.0, 30.2], [168.0, 142.8, 30.5], [174.0, 142.4, 30.9], [180.0, 142.0, 30.9], [186.0, 141.4, 30.6], [192.0, 141.1, 30.7], [198.0, 140.8, 30.5], [204.0, 140.2, 30.3], [210.0, 139.7, 30.2], [216.0, 139.2, 30.3], [222.0, 138.8, 30.4], [228.0, 138.0, 30.8], [234.0, 137.5, 31.7], [240.0, 136.7, 32.3], [246.0, 136.2, 33.1], [252.0, 135.8, 33.9], [258.0, 135.4, 34.7], [264.0, 135.0, 35.5], [270.0, 134.8, 36.4]]",s200404,c2,79
